Workbook

Sheet Spearmans2
A1: rowname | B1: rowname minus ws | C1: Name | D1: Category | E1: Subcategory | F1: Metric description | G1: Name | H1: Category | I1: Subcategory | J1: Metric description | K1: colname | M1: Name | N1: Category | O1: Description | P1: Name | Q1: Category | R1: Description | S1: cor
A2: AGKFFACTWS | B2: =IF(RIGHT(A2,2)="WS", LEFT(A2,LEN(A2)-2),A2) -> AGKFFACT | C2: =INDEX(Active!J:J, MATCH(Spearmans2!B2, Active!F:F,0),1) -> Ag Soil Erodibility Kf Factor | D2: =INDEX(Active!B:B, MATCH(Spearmans2!B2, Active!F:F,0),1) -> Anthropogenic | E2: =INDEX(Active!D:D, MATCH(Spearmans2!B2, Active!F:F,0),1) -> Agriculture | F2: =INDEX(Active!K:K, MATCH(Spearmans2!B2, Active!F:F,0),1) -> Mean of STATSGO Kffactor raster on agricultural land (NLCD 2006) within AOI. The Universal Soil Loss Equation (USLE) and represents a relative index of susceptibility of bare, cultivated soil to particle detachment and transport by rainfall | G2: Ag Soil Erodibility Kf Factor | H2: Anthropogenic | I2: Agriculture | J2: Mean of STATSGO Kffactor raster on agricultural land (NLCD 2006) within AOI. The Universal Soil Loss Equation (USLE) and represents a relative index of susceptibility of bare, cultivated soil to particle detachment and transport by rainfall | K2: MANUREWS | L2: =IF(RIGHT(K2,2)="WS", LEFT(K2,LEN(K2)-2),K2) -> MANURE | M2: =INDEX(Active!J:J, MATCH(Spearmans2!L2, Active!F:F,0),1) -> Mean Manure Application Rate | N2: =INDEX(Active!B:B, MATCH(Spearmans2!L2, Active!F:F,0),1) -> Anthropogenic | O2: =INDEX(Active!K:K, MATCH(Spearmans2!L2, Active!F:F,0),1) -> Mean rate of manure application to agricultural land from confined animal feeding operations in kg N/ha/yr, within AOI | P2: Mean Manure Application Rate | Q2: Anthropogenic | R2: Mean rate of manure application to agricultural land from confined animal feeding operations in kg N/ha/yr, within AOI | S2: 0.85980818
A3: AGKFFACTWS | B3: =IF(RIGHT(A3,2)="WS", LEFT(A3,LEN(A3)-2),A3) -> AGKFFACT | C3: =INDEX(Active!J:J, MATCH(Spearmans2!B3, Active!F:F,0),1) -> Ag Soil Erodibility Kf Factor | D3: =INDEX(Active!B:B, MATCH(Spearmans2!B3, Active!F:F,0),1) -> Anthropogenic | E3: =INDEX(Active!D:D, MATCH(Spearmans2!B3, Active!F:F,0),1) -> Agriculture | F3: =INDEX(Active!K:K, MATCH(Spearmans2!B3, Active!F:F,0),1) -> Mean of STATSGO Kffactor raster on agricultural land (NLCD 2006) within AOI. The Universal Soil Loss Equation (USLE) and represents a relative index of susceptibility of bare, cultivated soil to particle detachment and transport by rainfall | G3: Ag Soil Erodibility Kf Factor | H3: Anthropogenic | I3: Agriculture | J3: Mean of STATSGO Kffactor raster on agricultural land (NLCD 2006) within AOI. The Universal Soil Loss Equation (USLE) and represents a relative index of susceptibility of bare, cultivated soil to particle detachment and transport by rainfall | K3: WATERINPUTWS | L3: =IF(RIGHT(K3,2)="WS", LEFT(K3,LEN(K3)-2),K3) -> WATERINPUT | M3: =INDEX(Active!J:J, MATCH(Spearmans2!L3, Active!F:F,0),1) -> Water Input | N3: =INDEX(Active!B:B, MATCH(Spearmans2!L3, Active!F:F,0),1) -> Anthropogenic | O3: =INDEX(Active!K:K, MATCH(Spearmans2!L3, Active!F:F,0),1) -> Water Input (km2/cm): Ratio of the total area of irrigated land to precipitation within AOI | P3: Water Input | Q3: Anthropogenic | R3: Water Input (km2/cm): Ratio of the total area of irrigated land to precipitation within AOI | S3: 0.92901414
A4: AGKFFACTWS | B4: =IF(RIGHT(A4,2)="WS", LEFT(A4,LEN(A4)-2),A4) -> AGKFFACT | C4: =INDEX(Active!J:J, MATCH(Spearmans2!B4, Active!F:F,0),1) -> Ag Soil Erodibility Kf Factor | D4: =INDEX(Active!B:B, MATCH(Spearmans2!B4, Active!F:F,0),1) -> Anthropogenic | E4: =INDEX(Active!D:D, MATCH(Spearmans2!B4, Active!F:F,0),1) -> Agriculture | F4: =INDEX(Active!K:K, MATCH(Spearmans2!B4, Active!F:F,0),1) -> Mean of STATSGO Kffactor raster on agricultural land (NLCD 2006) within AOI. The Universal Soil Loss Equation (USLE) and represents a relative index of susceptibility of bare, cultivated soil to particle detachment and transport by rainfall | G4: Ag Soil Erodibility Kf Factor | H4: Anthropogenic | I4: Agriculture | J4: Mean of STATSGO Kffactor raster on agricultural land (NLCD 2006) within AOI. The Universal Soil Loss Equation (USLE) and represents a relative index of susceptibility of bare, cultivated soil to particle detachment and transport by rainfall | K4: WDRW_LDWS | L4: =IF(RIGHT(K4,2)="WS", LEFT(K4,LEN(K4)-2),K4) -> WDRW_LD | M4: =INDEX(Active!J:J, MATCH(Spearmans2!L4, Active!F:F,0),1) -> Agricultural Fresh Surface-Water Withdraw | N4: =INDEX(Active!B:B, MATCH(Spearmans2!L4, Active!F:F,0),1) -> Anthropogenic | O4: =INDEX(Active!K:K, MATCH(Spearmans2!L4, Active!F:F,0),1) -> Total fresh surface-water withdrawals in agricultural land per AOI area (L/day) | P4: Agricultural Fresh Surface-Water Withdraw | Q4: Anthropogenic | R4: Total fresh surface-water withdrawals in agricultural land per AOI area (L/day) | S4: 0.95018592
A5: AGKFFACTWS | B5: =IF(RIGHT(A5,2)="WS", LEFT(A5,LEN(A5)-2),A5) -> AGKFFACT | C5: =INDEX(Active!J:J, MATCH(Spearmans2!B5, Active!F:F,0),1) -> Ag Soil Erodibility Kf Factor | D5: =INDEX(Active!B:B, MATCH(Spearmans2!B5, Active!F:F,0),1) -> Anthropogenic | E5: =INDEX(Active!D:D, MATCH(Spearmans2!B5, Active!F:F,0),1) -> Agriculture | F5: =INDEX(Active!K:K, MATCH(Spearmans2!B5, Active!F:F,0),1) -> Mean of STATSGO Kffactor raster on agricultural land (NLCD 2006) within AOI. The Universal Soil Loss Equation (USLE) and represents a relative index of susceptibility of bare, cultivated soil to particle detachment and transport by rainfall | G5: Ag Soil Erodibility Kf Factor | H5: Anthropogenic | I5: Agriculture | J5: Mean of STATSGO Kffactor raster on agricultural land (NLCD 2006) within AOI. The Universal Soil Loss Equation (USLE) and represents a relative index of susceptibility of bare, cultivated soil to particle detachment and transport by rainfall | K5: CBNFWS | L5: =IF(RIGHT(K5,2)="WS", LEFT(K5,LEN(K5)-2),K5) -> CBNF | M5: =INDEX(Active!J:J, MATCH(Spearmans2!L5, Active!F:F,0),1) -> Cultivated Biological Nitrogen Fixation Mean Rate | N5: =INDEX(Active!B:B, MATCH(Spearmans2!L5, Active!F:F,0),1) -> Anthropogenic | O5: =INDEX(Active!K:K, MATCH(Spearmans2!L5, Active!F:F,0),1) -> Mean rate of biological nitrogen fixation from the cultivation of crops in kg N/ha/yr, within AOI | P5: Cultivated Biological Nitrogen Fixation Mean Rate | Q5: Anthropogenic | R5: Mean rate of biological nitrogen fixation from the cultivation of crops in kg N/ha/yr, within AOI | S5: 0.98132303
A6: AGKFFACTWS | B6: =IF(RIGHT(A6,2)="WS", LEFT(A6,LEN(A6)-2),A6) -> AGKFFACT | C6: =INDEX(Active!J:J, MATCH(Spearmans2!B6, Active!F:F,0),1) -> Ag Soil Erodibility Kf Factor | D6: =INDEX(Active!B:B, MATCH(Spearmans2!B6, Active!F:F,0),1) -> Anthropogenic | E6: =INDEX(Active!D:D, MATCH(Spearmans2!B6, Active!F:F,0),1) -> Agriculture | F6: =INDEX(Active!K:K, MATCH(Spearmans2!B6, Active!F:F,0),1) -> Mean of STATSGO Kffactor raster on agricultural land (NLCD 2006) within AOI. The Universal Soil Loss Equation (USLE) and represents a relative index of susceptibility of bare, cultivated soil to particle detachment and transport by rainfall | G6: Ag Soil Erodibility Kf Factor | H6: Anthropogenic | I6: Agriculture | J6: Mean of STATSGO Kffactor raster on agricultural land (NLCD 2006) within AOI. The Universal Soil Loss Equation (USLE) and represents a relative index of susceptibility of bare, cultivated soil to particle detachment and transport by rainfall | K6: FERTWS | L6: =IF(RIGHT(K6,2)="WS", LEFT(K6,LEN(K6)-2),K6) -> FERT | M6: =INDEX(Active!J:J, MATCH(Spearmans2!L6, Active!F:F,0),1) -> Synthetic Nitrogen Fertilizer Application Mean Rate | N6: =INDEX(Active!B:B, MATCH(Spearmans2!L6, Active!F:F,0),1) -> Anthropogenic | O6: =INDEX(Active!K:K, MATCH(Spearmans2!L6, Active!F:F,0),1) -> Mean rate of synthetic nitrogen fertilizer application to agricultural land in kg N/ha/yr, within the AOI | P6: Synthetic Nitrogen Fertilizer Application Mean Rate | Q6: Anthropogenic | R6: Mean rate of synthetic nitrogen fertilizer application to agricultural land in kg N/ha/yr, within the AOI | S6: 0.98849025
A7: AL2O3WS | B7: =IF(RIGHT(A7,2)="WS", LEFT(A7,LEN(A7)-2),A7) -> AL2O3 | C7: =INDEX(Active!J:J, MATCH(Spearmans2!B7, Active!F:F,0),1) -> Mean Lithological Aluminum Oxide | D7: =INDEX(Active!B:B, MATCH(Spearmans2!B7, Active!F:F,0),1) -> Natural | E7: =INDEX(Active!D:D, MATCH(Spearmans2!B7, Active!F:F,0),1) -> Lithology | F7: =INDEX(Active!K:K, MATCH(Spearmans2!B7, Active!F:F,0),1) -> Mean % of lithological aluminum oxide (Al2O3) content in surface or near surface geology within AOI | G7: Mean Lithological Aluminum Oxide | H7: Natural | I7: Lithology | J7: Mean % of lithological aluminum oxide (Al2O3) content in surface or near surface geology within AOI | K7: CAOWS | L7: =IF(RIGHT(K7,2)="WS", LEFT(K7,LEN(K7)-2),K7) -> CAO | M7: =INDEX(Active!J:J, MATCH(Spearmans2!L7, Active!F:F,0),1) -> Mean Lithological Calcium Oxide | N7: =INDEX(Active!B:B, MATCH(Spearmans2!L7, Active!F:F,0),1) -> Natural | O7: =INDEX(Active!K:K, MATCH(Spearmans2!L7, Active!F:F,0),1) -> Mean % of lithological calcium oxide (CaO) content in surface or near surface geology within AOI | P7: Mean Lithological Calcium Oxide | Q7: Natural | R7: Mean % of lithological calcium oxide (CaO) content in surface or near surface geology within AOI | S7: 0.82627092
A8: AL2O3WS | B8: =IF(RIGHT(A8,2)="WS", LEFT(A8,LEN(A8)-2),A8) -> AL2O3 | C8: =INDEX(Active!J:J, MATCH(Spearmans2!B8, Active!F:F,0),1) -> Mean Lithological Aluminum Oxide | D8: =INDEX(Active!B:B, MATCH(Spearmans2!B8, Active!F:F,0),1) -> Natural | E8: =INDEX(Active!D:D, MATCH(Spearmans2!B8, Active!F:F,0),1) -> Lithology | F8: =INDEX(Active!K:K, MATCH(Spearmans2!B8, Active!F:F,0),1) -> Mean % of lithological aluminum oxide (Al2O3) content in surface or near surface geology within AOI | G8: Mean Lithological Aluminum Oxide | H8: Natural | I8: Lithology | J8: Mean % of lithological aluminum oxide (Al2O3) content in surface or near surface geology within AOI | K8: P2O5WS | L8: =IF(RIGHT(K8,2)="WS", LEFT(K8,LEN(K8)-2),K8) -> P2O5 | M8: =INDEX(Active!J:J, MATCH(Spearmans2!L8, Active!F:F,0),1) -> Mean Lithological Phosphorous Oxide | N8: =INDEX(Active!B:B, MATCH(Spearmans2!L8, Active!F:F,0),1) -> Natural | O8: =INDEX(Active!K:K, MATCH(Spearmans2!L8, Active!F:F,0),1) -> Mean % of lithological phosphorous oxide (P2O5) content in surface or near surface geology within AOI | P8: Mean Lithological Phosphorous Oxide | Q8: Natural | R8: Mean % of lithological phosphorous oxide (P2O5) content in surface or near surface geology within AOI | S8: 0.87560554
A9: AL2O3WS | B9: =IF(RIGHT(A9,2)="WS", LEFT(A9,LEN(A9)-2),A9) -> AL2O3 | C9: =INDEX(Active!J:J, MATCH(Spearmans2!B9, Active!F:F,0),1) -> Mean Lithological Aluminum Oxide | D9: =INDEX(Active!B:B, MATCH(Spearmans2!B9, Active!F:F,0),1) -> Natural | E9: =INDEX(Active!D:D, MATCH(Spearmans2!B9, Active!F:F,0),1) -> Lithology | F9: =INDEX(Active!K:K, MATCH(Spearmans2!B9, Active!F:F,0),1) -> Mean % of lithological aluminum oxide (Al2O3) content in surface or near surface geology within AOI | G9: Mean Lithological Aluminum Oxide | H9: Natural | I9: Lithology | J9: Mean % of lithological aluminum oxide (Al2O3) content in surface or near surface geology within AOI | K9: NA2OWS | L9: =IF(RIGHT(K9,2)="WS", LEFT(K9,LEN(K9)-2),K9) -> NA2O | M9: =INDEX(Active!J:J, MATCH(Spearmans2!L9, Active!F:F,0),1) -> Mean Lithological Sodium Oxide | N9: =INDEX(Active!B:B, MATCH(Spearmans2!L9, Active!F:F,0),1) -> Natural | O9: =INDEX(Active!K:K, MATCH(Spearmans2!L9, Active!F:F,0),1) -> Mean % of lithological sodium oxide (Na2O) content in surface or near surface geology within AOI | P9: Mean Lithological Sodium Oxide | Q9: Natural | R9: Mean % of lithological sodium oxide (Na2O) content in surface or near surface geology within AOI | S9: 0.93978313
A10: BANKFULLDEPTH | B10: =IF(RIGHT(A10,2)="WS", LEFT(A10,LEN(A10)-2),A10) -> BANKFULLDEPTH | C10: =INDEX(Active!J:J, MATCH(Spearmans2!B10, Active!F:F,0),1) -> Predicted Bankfull Depth | D10: =INDEX(Active!B:B, MATCH(Spearmans2!B10, Active!F:F,0),1) -> Natural | E10: =INDEX(Active!D:D, MATCH(Spearmans2!B10, Active!F:F,0),1) -> Other | F10: =INDEX(Active!K:K, MATCH(Spearmans2!B10, Active!F:F,0),1) -> Predicted bankfull depth: thalweg depth plus bankfull height, which is the height from the water surface to the bankfull stage | G10: Predicted Bankfull Depth | H10: Natural | I10: Other | J10: Predicted bankfull depth: thalweg depth plus bankfull height, which is the height from the water surface to the bankfull stage | K10: NANIWS | L10: =IF(RIGHT(K10,2)="WS", LEFT(K10,LEN(K10)-2),K10) -> NANI | M10: =INDEX(Active!J:J, MATCH(Spearmans2!L10, Active!F:F,0),1) -> Anthropogenic Nitrogen | N10: =INDEX(Active!B:B, MATCH(Spearmans2!L10, Active!F:F,0),1) -> Anthropogenic | O10: =INDEX(Active!K:K, MATCH(Spearmans2!L10, Active!F:F,0),1) -> Net Anthropogenic Nitrogen within AOI: farm fertilizer + urban fertilizer + NOx deposition + CBNF + Human and Livestock food - crop N content - livestock N content | P10: Anthropogenic Nitrogen | Q10: Anthropogenic | R10: Net Anthropogenic Nitrogen within AOI: farm fertilizer + urban fertilizer + NOx deposition + CBNF + Human and Livestock food - crop N content - livestock N content | S10: 0.81113226
A11: BANKFULLDEPTH | B11: =IF(RIGHT(A11,2)="WS", LEFT(A11,LEN(A11)-2),A11) -> BANKFULLDEPTH | C11: =INDEX(Active!J:J, MATCH(Spearmans2!B11, Active!F:F,0),1) -> Predicted Bankfull Depth | D11: =INDEX(Active!B:B, MATCH(Spearmans2!B11, Active!F:F,0),1) -> Natural | E11: =INDEX(Active!D:D, MATCH(Spearmans2!B11, Active!F:F,0),1) -> Other | F11: =INDEX(Active!K:K, MATCH(Spearmans2!B11, Active!F:F,0),1) -> Predicted bankfull depth: thalweg depth plus bankfull height, which is the height from the water surface to the bankfull stage | G11: Predicted Bankfull Depth | H11: Natural | I11: Other | J11: Predicted bankfull depth: thalweg depth plus bankfull height, which is the height from the water surface to the bankfull stage | K11: NSURPWS | L11: =IF(RIGHT(K11,2)="WS", LEFT(K11,LEN(K11)-2),K11) -> NSURP | M11: =INDEX(Active!J:J, MATCH(Spearmans2!L11, Active!F:F,0),1) -> Nitrogen Surplus | N11: =INDEX(Active!B:B, MATCH(Spearmans2!L11, Active!F:F,0),1) -> Anthropogenic | O11: =INDEX(Active!K:K, MATCH(Spearmans2!L11, Active!F:F,0),1) -> Nitrogen Surplus (kg N / yr) per AOI - excluding biological N Fixation | P11: Nitrogen Surplus | Q11: Anthropogenic | R11: Nitrogen Surplus (kg N / yr) per AOI - excluding biological N Fixation | S11: 0.82065462
A12: BANKFULLDEPTH | B12: =IF(RIGHT(A12,2)="WS", LEFT(A12,LEN(A12)-2),A12) -> BANKFULLDEPTH | C12: =INDEX(Active!J:J, MATCH(Spearmans2!B12, Active!F:F,0),1) -> Predicted Bankfull Depth | D12: =INDEX(Active!B:B, MATCH(Spearmans2!B12, Active!F:F,0),1) -> Natural | E12: =INDEX(Active!D:D, MATCH(Spearmans2!B12, Active!F:F,0),1) -> Other | F12: =INDEX(Active!K:K, MATCH(Spearmans2!B12, Active!F:F,0),1) -> Predicted bankfull depth: thalweg depth plus bankfull height, which is the height from the water surface to the bankfull stage | G12: Predicted Bankfull Depth | H12: Natural | I12: Other | J12: Predicted bankfull depth: thalweg depth plus bankfull height, which is the height from the water surface to the bankfull stage | K12: THALWEGDEPTH | L12: =IF(RIGHT(K12,2)="WS", LEFT(K12,LEN(K12)-2),K12) -> THALWEGDEPTH | M12: =INDEX(Active!J:J, MATCH(Spearmans2!L12, Active!F:F,0),1) -> #N/A | N12: =INDEX(Active!B:B, MATCH(Spearmans2!L12, Active!F:F,0),1) -> #N/A | O12: =INDEX(Active!K:K, MATCH(Spearmans2!L12, Active!F:F,0),1) -> #N/A | P12: #N/A | Q12: #N/A | R12: #N/A | S12: 0.92610251
A13: BANKFULLDEPTH | B13: =IF(RIGHT(A13,2)="WS", LEFT(A13,LEN(A13)-2),A13) -> BANKFULLDEPTH | C13: =INDEX(Active!J:J, MATCH(Spearmans2!B13, Active!F:F,0),1) -> Predicted Bankfull Depth | D13: =INDEX(Active!B:B, MATCH(Spearmans2!B13, Active!F:F,0),1) -> Natural | E13: =INDEX(Active!D:D, MATCH(Spearmans2!B13, Active!F:F,0),1) -> Other | F13: =INDEX(Active!K:K, MATCH(Spearmans2!B13, Active!F:F,0),1) -> Predicted bankfull depth: thalweg depth plus bankfull height, which is the height from the water surface to the bankfull stage | G13: Predicted Bankfull Depth | H13: Natural | I13: Other | J13: Predicted bankfull depth: thalweg depth plus bankfull height, which is the height from the water surface to the bankfull stage | K13: WETTEDWIDTH | L13: =IF(RIGHT(K13,2)="WS", LEFT(K13,LEN(K13)-2),K13) -> WETTEDWIDTH | M13: =INDEX(Active!J:J, MATCH(Spearmans2!L13, Active!F:F,0),1) -> Predicted Wetted Width | N13: =INDEX(Active!B:B, MATCH(Spearmans2!L13, Active!F:F,0),1) -> Natural | O13: =INDEX(Active!K:K, MATCH(Spearmans2!L13, Active!F:F,0),1) -> Predicted wetted width: distance of the waters edge from left to right bank | P13: Predicted Wetted Width | Q13: Natural | R13: Predicted wetted width: distance of the waters edge from left to right bank | S13: 0.94009985
A14: BANKFULLDEPTH | B14: =IF(RIGHT(A14,2)="WS", LEFT(A14,LEN(A14)-2),A14) -> BANKFULLDEPTH | C14: =INDEX(Active!J:J, MATCH(Spearmans2!B14, Active!F:F,0),1) -> Predicted Bankfull Depth | D14: =INDEX(Active!B:B, MATCH(Spearmans2!B14, Active!F:F,0),1) -> Natural | E14: =INDEX(Active!D:D, MATCH(Spearmans2!B14, Active!F:F,0),1) -> Other | F14: =INDEX(Active!K:K, MATCH(Spearmans2!B14, Active!F:F,0),1) -> Predicted bankfull depth: thalweg depth plus bankfull height, which is the height from the water surface to the bankfull stage | G14: Predicted Bankfull Depth | H14: Natural | I14: Other | J14: Predicted bankfull depth: thalweg depth plus bankfull height, which is the height from the water surface to the bankfull stage | K14: BANKFULLWIDTH | L14: =IF(RIGHT(K14,2)="WS", LEFT(K14,LEN(K14)-2),K14) -> BANKFULLWIDTH | M14: =INDEX(Active!J:J, MATCH(Spearmans2!L14, Active!F:F,0),1) -> Predicted Bankfull Width | N14: =INDEX(Active!B:B, MATCH(Spearmans2!L14, Active!F:F,0),1) -> Natural | O14: =INDEX(Active!K:K, MATCH(Spearmans2!L14, Active!F:F,0),1) -> Predicted bankfull width: distance from left to right bank at bankfull stage where the potential water height would spill outside of the channel and into the floodplain | P14: Predicted Bankfull Width | Q14: Natural | R14: Predicted bankfull width: distance from left to right bank at bankfull stage where the potential water height would spill outside of the channel and into the floodplain | S14: 0.94204504
A15: BANKFULLWIDTH | B15: =IF(RIGHT(A15,2)="WS", LEFT(A15,LEN(A15)-2),A15) -> BANKFULLWIDTH | C15: =INDEX(Active!J:J, MATCH(Spearmans2!B15, Active!F:F,0),1) -> Predicted Bankfull Width | D15: =INDEX(Active!B:B, MATCH(Spearmans2!B15, Active!F:F,0),1) -> Natural | E15: =INDEX(Active!D:D, MATCH(Spearmans2!B15, Active!F:F,0),1) -> Other | F15: =INDEX(Active!K:K, MATCH(Spearmans2!B15, Active!F:F,0),1) -> Predicted bankfull width: distance from left to right bank at bankfull stage where the potential water height would spill outside of the channel and into the floodplain | G15: Predicted Bankfull Width | H15: Natural | I15: Other | J15: Predicted bankfull width: distance from left to right bank at bankfull stage where the potential water height would spill outside of the channel and into the floodplain | K15: NANIWS | L15: =IF(RIGHT(K15,2)="WS", LEFT(K15,LEN(K15)-2),K15) -> NANI | M15: =INDEX(Active!J:J, MATCH(Spearmans2!L15, Active!F:F,0),1) -> Anthropogenic Nitrogen | N15: =INDEX(Active!B:B, MATCH(Spearmans2!L15, Active!F:F,0),1) -> Anthropogenic | O15: =INDEX(Active!K:K, MATCH(Spearmans2!L15, Active!F:F,0),1) -> Net Anthropogenic Nitrogen within AOI: farm fertilizer + urban fertilizer + NOx deposition + CBNF + Human and Livestock food - crop N content - livestock N content | P15: Anthropogenic Nitrogen | Q15: Anthropogenic | R15: Net Anthropogenic Nitrogen within AOI: farm fertilizer + urban fertilizer + NOx deposition + CBNF + Human and Livestock food - crop N content - livestock N content | S15: 0.83988426
A16: BANKFULLWIDTH | B16: =IF(RIGHT(A16,2)="WS", LEFT(A16,LEN(A16)-2),A16) -> BANKFULLWIDTH | C16: =INDEX(Active!J:J, MATCH(Spearmans2!B16, Active!F:F,0),1) -> Predicted Bankfull Width | D16: =INDEX(Active!B:B, MATCH(Spearmans2!B16, Active!F:F,0),1) -> Natural | E16: =INDEX(Active!D:D, MATCH(Spearmans2!B16, Active!F:F,0),1) -> Other | F16: =INDEX(Active!K:K, MATCH(Spearmans2!B16, Active!F:F,0),1) -> Predicted bankfull width: distance from left to right bank at bankfull stage where the potential water height would spill outside of the channel and into the floodplain | G16: Predicted Bankfull Width | H16: Natural | I16: Other | J16: Predicted bankfull width: distance from left to right bank at bankfull stage where the potential water height would spill outside of the channel and into the floodplain | K16: NSURPWS | L16: =IF(RIGHT(K16,2)="WS", LEFT(K16,LEN(K16)-2),K16) -> NSURP | M16: =INDEX(Active!J:J, MATCH(Spearmans2!L16, Active!F:F,0),1) -> Nitrogen Surplus | N16: =INDEX(Active!B:B, MATCH(Spearmans2!L16, Active!F:F,0),1) -> Anthropogenic | O16: =INDEX(Active!K:K, MATCH(Spearmans2!L16, Active!F:F,0),1) -> Nitrogen Surplus (kg N / yr) per AOI - excluding biological N Fixation | P16: Nitrogen Surplus | Q16: Anthropogenic | R16: Nitrogen Surplus (kg N / yr) per AOI - excluding biological N Fixation | S16: 0.84577613
A17: BANKFULLWIDTH | B17: =IF(RIGHT(A17,2)="WS", LEFT(A17,LEN(A17)-2),A17) -> BANKFULLWIDTH | C17: =INDEX(Active!J:J, MATCH(Spearmans2!B17, Active!F:F,0),1) -> Predicted Bankfull Width | D17: =INDEX(Active!B:B, MATCH(Spearmans2!B17, Active!F:F,0),1) -> Natural | E17: =INDEX(Active!D:D, MATCH(Spearmans2!B17, Active!F:F,0),1) -> Other | F17: =INDEX(Active!K:K, MATCH(Spearmans2!B17, Active!F:F,0),1) -> Predicted bankfull width: distance from left to right bank at bankfull stage where the potential water height would spill outside of the channel and into the floodplain | G17: Predicted Bankfull Width | H17: Natural | I17: Other | J17: Predicted bankfull width: distance from left to right bank at bankfull stage where the potential water height would spill outside of the channel and into the floodplain | K17: BANKFULLDEPTH | L17: =IF(RIGHT(K17,2)="WS", LEFT(K17,LEN(K17)-2),K17) -> BANKFULLDEPTH | M17: =INDEX(Active!J:J, MATCH(Spearmans2!L17, Active!F:F,0),1) -> Predicted Bankfull Depth | N17: =INDEX(Active!B:B, MATCH(Spearmans2!L17, Active!F:F,0),1) -> Natural | O17: =INDEX(Active!K:K, MATCH(Spearmans2!L17, Active!F:F,0),1) -> Predicted bankfull depth: thalweg depth plus bankfull height, which is the height from the water surface to the bankfull stage | P17: Predicted Bankfull Depth | Q17: Natural | R17: Predicted bankfull depth: thalweg depth plus bankfull height, which is the height from the water surface to the bankfull stage | S17: 0.94204504
A18: BANKFULLWIDTH | B18: =IF(RIGHT(A18,2)="WS", LEFT(A18,LEN(A18)-2),A18) -> BANKFULLWIDTH | C18: =INDEX(Active!J:J, MATCH(Spearmans2!B18, Active!F:F,0),1) -> Predicted Bankfull Width | D18: =INDEX(Active!B:B, MATCH(Spearmans2!B18, Active!F:F,0),1) -> Natural | E18: =INDEX(Active!D:D, MATCH(Spearmans2!B18, Active!F:F,0),1) -> Other | F18: =INDEX(Active!K:K, MATCH(Spearmans2!B18, Active!F:F,0),1) -> Predicted bankfull width: distance from left to right bank at bankfull stage where the potential water height would spill outside of the channel and into the floodplain | G18: Predicted Bankfull Width | H18: Natural | I18: Other | J18: Predicted bankfull width: distance from left to right bank at bankfull stage where the potential water height would spill outside of the channel and into the floodplain | K18: THALWEGDEPTH | L18: =IF(RIGHT(K18,2)="WS", LEFT(K18,LEN(K18)-2),K18) -> THALWEGDEPTH | M18: =INDEX(Active!J:J, MATCH(Spearmans2!L18, Active!F:F,0),1) -> #N/A | N18: =INDEX(Active!B:B, MATCH(Spearmans2!L18, Active!F:F,0),1) -> #N/A | O18: =INDEX(Active!K:K, MATCH(Spearmans2!L18, Active!F:F,0),1) -> #N/A | P18: #N/A | Q18: #N/A | R18: #N/A | S18: 0.95847251
A19: BANKFULLWIDTH | B19: =IF(RIGHT(A19,2)="WS", LEFT(A19,LEN(A19)-2),A19) -> BANKFULLWIDTH | C19: =INDEX(Active!J:J, MATCH(Spearmans2!B19, Active!F:F,0),1) -> Predicted Bankfull Width | D19: =INDEX(Active!B:B, MATCH(Spearmans2!B19, Active!F:F,0),1) -> Natural | E19: =INDEX(Active!D:D, MATCH(Spearmans2!B19, Active!F:F,0),1) -> Other | F19: =INDEX(Active!K:K, MATCH(Spearmans2!B19, Active!F:F,0),1) -> Predicted bankfull width: distance from left to right bank at bankfull stage where the potential water height would spill outside of the channel and into the floodplain | G19: Predicted Bankfull Width | H19: Natural | I19: Other | J19: Predicted bankfull width: distance from left to right bank at bankfull stage where the potential water height would spill outside of the channel and into the floodplain | K19: WETTEDWIDTH | L19: =IF(RIGHT(K19,2)="WS", LEFT(K19,LEN(K19)-2),K19) -> WETTEDWIDTH | M19: =INDEX(Active!J:J, MATCH(Spearmans2!L19, Active!F:F,0),1) -> Predicted Wetted Width | N19: =INDEX(Active!B:B, MATCH(Spearmans2!L19, Active!F:F,0),1) -> Natural | O19: =INDEX(Active!K:K, MATCH(Spearmans2!L19, Active!F:F,0),1) -> Predicted wetted width: distance of the waters edge from left to right bank | P19: Predicted Wetted Width | Q19: Natural | R19: Predicted wetted width: distance of the waters edge from left to right bank | S19: 0.99082893
A20: BFIWS | B20: =IF(RIGHT(A20,2)="WS", LEFT(A20,LEN(A20)-2),A20) -> BFI | C20: =INDEX(Active!J:J, MATCH(Spearmans2!B20, Active!F:F,0),1) -> Base Flow Index | D20: =INDEX(Active!B:B, MATCH(Spearmans2!B20, Active!F:F,0),1) -> Natural | E20: =INDEX(Active!D:D, MATCH(Spearmans2!B20, Active!F:F,0),1) -> Flow | F20: =INDEX(Active!K:K, MATCH(Spearmans2!B20, Active!F:F,0),1) -> Base flow is the component of streamflow that can be attributed to ground-water discharge into streams. The BFI is the ratio of base flow to total flow, expressed as a percentage, within AOI | G20: Base Flow Index | H20: Natural | I20: Flow | J20: Base flow is the component of streamflow that can be attributed to ground-water discharge into streams. The BFI is the ratio of base flow to total flow, expressed as a percentage, within AOI | K20: MAST2008 | L20: =IF(RIGHT(K20,2)="WS", LEFT(K20,LEN(K20)-2),K20) -> MAST2008 | M20: =INDEX(Active!J:J, MATCH(Spearmans2!L20, Active!F:F,0),1) -> Mean Annual Stream Temp | N20: =INDEX(Active!B:B, MATCH(Spearmans2!L20, Active!F:F,0),1) -> Natural | O20: =INDEX(Active!K:K, MATCH(Spearmans2!L20, Active!F:F,0),1) -> Predicted mean annual stream temperature (Jan-Dec) for year 2008, 2009, 2013, 2014 | P20: Mean Annual Stream Temp | Q20: Natural | R20: Predicted mean annual stream temperature (Jan-Dec) for year 2008, 2009, 2013, 2014 | S20: -0.85416733
A21: BFIWS | B21: =IF(RIGHT(A21,2)="WS", LEFT(A21,LEN(A21)-2),A21) -> BFI | C21: =INDEX(Active!J:J, MATCH(Spearmans2!B21, Active!F:F,0),1) -> Base Flow Index | D21: =INDEX(Active!B:B, MATCH(Spearmans2!B21, Active!F:F,0),1) -> Natural | E21: =INDEX(Active!D:D, MATCH(Spearmans2!B21, Active!F:F,0),1) -> Flow | F21: =INDEX(Active!K:K, MATCH(Spearmans2!B21, Active!F:F,0),1) -> Base flow is the component of streamflow that can be attributed to ground-water discharge into streams. The BFI is the ratio of base flow to total flow, expressed as a percentage, within AOI | G21: Base Flow Index | H21: Natural | I21: Flow | J21: Base flow is the component of streamflow that can be attributed to ground-water discharge into streams. The BFI is the ratio of base flow to total flow, expressed as a percentage, within AOI | K21: TMIN9120WS | L21: =IF(RIGHT(K21,2)="WS", LEFT(K21,LEN(K21)-2),K21) -> TMIN9120 | M21: =INDEX(Active!J:J, MATCH(Spearmans2!L21, Active!F:F,0),1) -> 30-year Average Annual Normal Minimum Air Temperature | N21: =INDEX(Active!B:B, MATCH(Spearmans2!L21, Active!F:F,0),1) -> Natural | O21: =INDEX(Active!K:K, MATCH(Spearmans2!L21, Active!F:F,0),1) -> PRISM climate data - 30-year normal minimum temperature (CÂ°): Annual period: 1991-2020 within the AOI | P21: 30-year Average Annual Normal Minimum Air Temperature | Q21: Natural | R21: PRISM climate data - 30-year normal minimum temperature (CÂ°): Annual period: 1991-2020 within the AOI | S21: -0.83217987
A22: BFIWS | B22: =IF(RIGHT(A22,2)="WS", LEFT(A22,LEN(A22)-2),A22) -> BFI | C22: =INDEX(Active!J:J, MATCH(Spearmans2!B22, Active!F:F,0),1) -> Base Flow Index | D22: =INDEX(Active!B:B, MATCH(Spearmans2!B22, Active!F:F,0),1) -> Natural | E22: =INDEX(Active!D:D, MATCH(Spearmans2!B22, Active!F:F,0),1) -> Flow | F22: =INDEX(Active!K:K, MATCH(Spearmans2!B22, Active!F:F,0),1) -> Base flow is the component of streamflow that can be attributed to ground-water discharge into streams. The BFI is the ratio of base flow to total flow, expressed as a percentage, within AOI | G22: Base Flow Index | H22: Natural | I22: Flow | J22: Base flow is the component of streamflow that can be attributed to ground-water discharge into streams. The BFI is the ratio of base flow to total flow, expressed as a percentage, within AOI | K22: TMIN8110WS | L22: =IF(RIGHT(K22,2)="WS", LEFT(K22,LEN(K22)-2),K22) -> TMIN8110 | M22: =INDEX(Active!J:J, MATCH(Spearmans2!L22, Active!F:F,0),1) -> 30-year Average Annual Normal Minimum Air Temperature | N22: =INDEX(Active!B:B, MATCH(Spearmans2!L22, Active!F:F,0),1) -> Natural | O22: =INDEX(Active!K:K, MATCH(Spearmans2!L22, Active!F:F,0),1) -> PRISM climate data - 30-year normal minimum temperature (CÂ°): Annual period: 1981-2010 within the AOI | P22: 30-year Average Annual Normal Minimum Air Temperature | Q22: Natural | R22: PRISM climate data - 30-year normal minimum temperature (CÂ°): Annual period: 1981-2010 within the AOI | S22: -0.82646241
A23: BFIWS | B23: =IF(RIGHT(A23,2)="WS", LEFT(A23,LEN(A23)-2),A23) -> BFI | C23: =INDEX(Active!J:J, MATCH(Spearmans2!B23, Active!F:F,0),1) -> Base Flow Index | D23: =INDEX(Active!B:B, MATCH(Spearmans2!B23, Active!F:F,0),1) -> Natural | E23: =INDEX(Active!D:D, MATCH(Spearmans2!B23, Active!F:F,0),1) -> Flow | F23: =INDEX(Active!K:K, MATCH(Spearmans2!B23, Active!F:F,0),1) -> Base flow is the component of streamflow that can be attributed to ground-water discharge into streams. The BFI is the ratio of base flow to total flow, expressed as a percentage, within AOI | G23: Base Flow Index | H23: Natural | I23: Flow | J23: Base flow is the component of streamflow that can be attributed to ground-water discharge into streams. The BFI is the ratio of base flow to total flow, expressed as a percentage, within AOI | K23: TMEAN9120WS | L23: =IF(RIGHT(K23,2)="WS", LEFT(K23,LEN(K23)-2),K23) -> TMEAN9120 | M23: =INDEX(Active!J:J, MATCH(Spearmans2!L23, Active!F:F,0),1) -> 30-year Mean Annual Air Temperature | N23: =INDEX(Active!B:B, MATCH(Spearmans2!L23, Active!F:F,0),1) -> Natural | O23: =INDEX(Active!K:K, MATCH(Spearmans2!L23, Active!F:F,0),1) -> PRISM climate data - 30-year normal mean temperature (CÂ°): Annual period: 1991-2020 within the AOI | P23: 30-year Mean Annual Air Temperature | Q23: Natural | R23: PRISM climate data - 30-year normal mean temperature (CÂ°): Annual period: 1991-2020 within the AOI | S23: -0.82148539
A24: BFIWS | B24: =IF(RIGHT(A24,2)="WS", LEFT(A24,LEN(A24)-2),A24) -> BFI | C24: =INDEX(Active!J:J, MATCH(Spearmans2!B24, Active!F:F,0),1) -> Base Flow Index | D24: =INDEX(Active!B:B, MATCH(Spearmans2!B24, Active!F:F,0),1) -> Natural | E24: =INDEX(Active!D:D, MATCH(Spearmans2!B24, Active!F:F,0),1) -> Flow | F24: =INDEX(Active!K:K, MATCH(Spearmans2!B24, Active!F:F,0),1) -> Base flow is the component of streamflow that can be attributed to ground-water discharge into streams. The BFI is the ratio of base flow to total flow, expressed as a percentage, within AOI | G24: Base Flow Index | H24: Natural | I24: Flow | J24: Base flow is the component of streamflow that can be attributed to ground-water discharge into streams. The BFI is the ratio of base flow to total flow, expressed as a percentage, within AOI | K24: TMEAN8110WS | L24: =IF(RIGHT(K24,2)="WS", LEFT(K24,LEN(K24)-2),K24) -> TMEAN8110 | M24: =INDEX(Active!J:J, MATCH(Spearmans2!L24, Active!F:F,0),1) -> 30-year Mean Annual Air Temperature | N24: =INDEX(Active!B:B, MATCH(Spearmans2!L24, Active!F:F,0),1) -> Natural | O24: =INDEX(Active!K:K, MATCH(Spearmans2!L24, Active!F:F,0),1) -> PRISM climate data - 30-year normal mean temperature (CÂ°): Annual period: 1981-2010 within the AOI | P24: 30-year Mean Annual Air Temperature | Q24: Natural | R24: PRISM climate data - 30-year normal mean temperature (CÂ°): Annual period: 1981-2010 within the AOI | S24: -0.81877584
A25: BFIWS | B25: =IF(RIGHT(A25,2)="WS", LEFT(A25,LEN(A25)-2),A25) -> BFI | C25: =INDEX(Active!J:J, MATCH(Spearmans2!B25, Active!F:F,0),1) -> Base Flow Index | D25: =INDEX(Active!B:B, MATCH(Spearmans2!B25, Active!F:F,0),1) -> Natural | E25: =INDEX(Active!D:D, MATCH(Spearmans2!B25, Active!F:F,0),1) -> Flow | F25: =INDEX(Active!K:K, MATCH(Spearmans2!B25, Active!F:F,0),1) -> Base flow is the component of streamflow that can be attributed to ground-water discharge into streams. The BFI is the ratio of base flow to total flow, expressed as a percentage, within AOI | G25: Base Flow Index | H25: Natural | I25: Flow | J25: Base flow is the component of streamflow that can be attributed to ground-water discharge into streams. The BFI is the ratio of base flow to total flow, expressed as a percentage, within AOI | K25: TMEAN2008WS | L25: =IF(RIGHT(K25,2)="WS", LEFT(K25,LEN(K25)-2),K25) -> TMEAN2008 | M25: =INDEX(Active!J:J, MATCH(Spearmans2!L25, Active!F:F,0),1) -> Mean Air Temperature | N25: =INDEX(Active!B:B, MATCH(Spearmans2!L25, Active!F:F,0),1) -> Natural | O25: =INDEX(Active!K:K, MATCH(Spearmans2!L25, Active!F:F,0),1) -> PRISM climate data - Mean temperature (°C) within the AOI. Period: 2008 and 2009 | P25: Mean Air Temperature | Q25: Natural | R25: PRISM climate data - Mean temperature (°C) within the AOI. Period: 2008 and 2009 | S25: -0.80394435
A26: CAOWS | B26: =IF(RIGHT(A26,2)="WS", LEFT(A26,LEN(A26)-2),A26) -> CAO | C26: =INDEX(Active!J:J, MATCH(Spearmans2!B26, Active!F:F,0),1) -> Mean Lithological Calcium Oxide | D26: =INDEX(Active!B:B, MATCH(Spearmans2!B26, Active!F:F,0),1) -> Natural | E26: =INDEX(Active!D:D, MATCH(Spearmans2!B26, Active!F:F,0),1) -> Lithology | F26: =INDEX(Active!K:K, MATCH(Spearmans2!B26, Active!F:F,0),1) -> Mean % of lithological calcium oxide (CaO) content in surface or near surface geology within AOI | G26: Mean Lithological Calcium Oxide | H26: Natural | I26: Lithology | J26: Mean % of lithological calcium oxide (CaO) content in surface or near surface geology within AOI | K26: SIO2WS | L26: =IF(RIGHT(K26,2)="WS", LEFT(K26,LEN(K26)-2),K26) -> SIO2 | M26: =INDEX(Active!J:J, MATCH(Spearmans2!L26, Active!F:F,0),1) -> Mean Lithological Silicon Dioxide | N26: =INDEX(Active!B:B, MATCH(Spearmans2!L26, Active!F:F,0),1) -> Natural | O26: =INDEX(Active!K:K, MATCH(Spearmans2!L26, Active!F:F,0),1) -> Mean % of lithological silicon dioxide (SiO2) content in surface or near surface geology within AOI | P26: Mean Lithological Silicon Dioxide | Q26: Natural | R26: Mean % of lithological silicon dioxide (SiO2) content in surface or near surface geology within AOI | S26: -0.91125059
A27: CAOWS | B27: =IF(RIGHT(A27,2)="WS", LEFT(A27,LEN(A27)-2),A27) -> CAO | C27: =INDEX(Active!J:J, MATCH(Spearmans2!B27, Active!F:F,0),1) -> Mean Lithological Calcium Oxide | D27: =INDEX(Active!B:B, MATCH(Spearmans2!B27, Active!F:F,0),1) -> Natural | E27: =INDEX(Active!D:D, MATCH(Spearmans2!B27, Active!F:F,0),1) -> Lithology | F27: =INDEX(Active!K:K, MATCH(Spearmans2!B27, Active!F:F,0),1) -> Mean % of lithological calcium oxide (CaO) content in surface or near surface geology within AOI | G27: Mean Lithological Calcium Oxide | H27: Natural | I27: Lithology | J27: Mean % of lithological calcium oxide (CaO) content in surface or near surface geology within AOI | K27: AL2O3WS | L27: =IF(RIGHT(K27,2)="WS", LEFT(K27,LEN(K27)-2),K27) -> AL2O3 | M27: =INDEX(Active!J:J, MATCH(Spearmans2!L27, Active!F:F,0),1) -> Mean Lithological Aluminum Oxide | N27: =INDEX(Active!B:B, MATCH(Spearmans2!L27, Active!F:F,0),1) -> Natural | O27: =INDEX(Active!K:K, MATCH(Spearmans2!L27, Active!F:F,0),1) -> Mean % of lithological aluminum oxide (Al2O3) content in surface or near surface geology within AOI | P27: Mean Lithological Aluminum Oxide | Q27: Natural | R27: Mean % of lithological aluminum oxide (Al2O3) content in surface or near surface geology within AOI | S27: 0.82627092
A28: CAOWS | B28: =IF(RIGHT(A28,2)="WS", LEFT(A28,LEN(A28)-2),A28) -> CAO | C28: =INDEX(Active!J:J, MATCH(Spearmans2!B28, Active!F:F,0),1) -> Mean Lithological Calcium Oxide | D28: =INDEX(Active!B:B, MATCH(Spearmans2!B28, Active!F:F,0),1) -> Natural | E28: =INDEX(Active!D:D, MATCH(Spearmans2!B28, Active!F:F,0),1) -> Lithology | F28: =INDEX(Active!K:K, MATCH(Spearmans2!B28, Active!F:F,0),1) -> Mean % of lithological calcium oxide (CaO) content in surface or near surface geology within AOI | G28: Mean Lithological Calcium Oxide | H28: Natural | I28: Lithology | J28: Mean % of lithological calcium oxide (CaO) content in surface or near surface geology within AOI | K28: MGOWS | L28: =IF(RIGHT(K28,2)="WS", LEFT(K28,LEN(K28)-2),K28) -> MGO | M28: =INDEX(Active!J:J, MATCH(Spearmans2!L28, Active!F:F,0),1) -> Mean Lithological Magnesium Oxide | N28: =INDEX(Active!B:B, MATCH(Spearmans2!L28, Active!F:F,0),1) -> Natural | O28: =INDEX(Active!K:K, MATCH(Spearmans2!L28, Active!F:F,0),1) -> Mean % of lithological magnesium oxide (MgO) content in surface or near surface geology within AOI | P28: Mean Lithological Magnesium Oxide | Q28: Natural | R28: Mean % of lithological magnesium oxide (MgO) content in surface or near surface geology within AOI | S28: 0.88052675
A29: CAOWS | B29: =IF(RIGHT(A29,2)="WS", LEFT(A29,LEN(A29)-2),A29) -> CAO | C29: =INDEX(Active!J:J, MATCH(Spearmans2!B29, Active!F:F,0),1) -> Mean Lithological Calcium Oxide | D29: =INDEX(Active!B:B, MATCH(Spearmans2!B29, Active!F:F,0),1) -> Natural | E29: =INDEX(Active!D:D, MATCH(Spearmans2!B29, Active!F:F,0),1) -> Lithology | F29: =INDEX(Active!K:K, MATCH(Spearmans2!B29, Active!F:F,0),1) -> Mean % of lithological calcium oxide (CaO) content in surface or near surface geology within AOI | G29: Mean Lithological Calcium Oxide | H29: Natural | I29: Lithology | J29: Mean % of lithological calcium oxide (CaO) content in surface or near surface geology within AOI | K29: P2O5WS | L29: =IF(RIGHT(K29,2)="WS", LEFT(K29,LEN(K29)-2),K29) -> P2O5 | M29: =INDEX(Active!J:J, MATCH(Spearmans2!L29, Active!F:F,0),1) -> Mean Lithological Phosphorous Oxide | N29: =INDEX(Active!B:B, MATCH(Spearmans2!L29, Active!F:F,0),1) -> Natural | O29: =INDEX(Active!K:K, MATCH(Spearmans2!L29, Active!F:F,0),1) -> Mean % of lithological phosphorous oxide (P2O5) content in surface or near surface geology within AOI | P29: Mean Lithological Phosphorous Oxide | Q29: Natural | R29: Mean % of lithological phosphorous oxide (P2O5) content in surface or near surface geology within AOI | S29: 0.93815151
A30: CBNFWS | B30: =IF(RIGHT(A30,2)="WS", LEFT(A30,LEN(A30)-2),A30) -> CBNF | C30: =INDEX(Active!J:J, MATCH(Spearmans2!B30, Active!F:F,0),1) -> Cultivated Biological Nitrogen Fixation Mean Rate | D30: =INDEX(Active!B:B, MATCH(Spearmans2!B30, Active!F:F,0),1) -> Anthropogenic | E30: =INDEX(Active!D:D, MATCH(Spearmans2!B30, Active!F:F,0),1) -> Agriculture | F30: =INDEX(Active!K:K, MATCH(Spearmans2!B30, Active!F:F,0),1) -> Mean rate of biological nitrogen fixation from the cultivation of crops in kg N/ha/yr, within AOI | G30: Cultivated Biological Nitrogen Fixation Mean Rate | H30: Anthropogenic | I30: Agriculture | J30: Mean rate of biological nitrogen fixation from the cultivation of crops in kg N/ha/yr, within AOI | K30: MANUREWS | L30: =IF(RIGHT(K30,2)="WS", LEFT(K30,LEN(K30)-2),K30) -> MANURE | M30: =INDEX(Active!J:J, MATCH(Spearmans2!L30, Active!F:F,0),1) -> Mean Manure Application Rate | N30: =INDEX(Active!B:B, MATCH(Spearmans2!L30, Active!F:F,0),1) -> Anthropogenic | O30: =INDEX(Active!K:K, MATCH(Spearmans2!L30, Active!F:F,0),1) -> Mean rate of manure application to agricultural land from confined animal feeding operations in kg N/ha/yr, within AOI | P30: Mean Manure Application Rate | Q30: Anthropogenic | R30: Mean rate of manure application to agricultural land from confined animal feeding operations in kg N/ha/yr, within AOI | S30: 0.85548924
... A117: NANIWS | B117: =IF(RIGHT(A117,2)="WS", LEFT(A117,LEN(A117)-2),A117) -> NANI | C117: =INDEX(Active!J:J, MATCH(Spearmans2!B117, Active!F:F,0),1) -> Anthropogenic Nitrogen | D117: =INDEX(Active!B:B, MATCH(Spearmans2!B117, Active!F:F,0),1) -> Anthropogenic | E117: =INDEX(Active!D:D, MATCH(Spearmans2!B117, Active!F:F,0),1) -> Agriculture | F117: =INDEX(Active!K:K, MATCH(Spearmans2!B117, Active!F:F,0),1) -> Net Anthropogenic Nitrogen within AOI: farm fertilizer + urban fertilizer + NOx deposition + CBNF + Human and Livestock food - crop N content - livestock N content | G117: Anthropogenic Nitrogen | H117: Anthropogenic | I117: Agriculture | J117: Net Anthropogenic Nitrogen within AOI: farm fertilizer + urban fertilizer + NOx deposition + CBNF + Human and Livestock food - crop N content - livestock N content | K117: WETTEDWIDTH | L117: =IF(RIGHT(K117,2)="WS", LEFT(K117,LEN(K117)-2),K117) -> WETTEDWIDTH | M117: =INDEX(Active!J:J, MATCH(Spearmans2!L117, Active!F:F,0),1) -> Predicted Wetted Width | N117: =INDEX(Active!B:B, MATCH(Spearmans2!L117, Active!F:F,0),1) -> Natural | O117: =INDEX(Active!K:K, MATCH(Spearmans2!L117, Active!F:F,0),1) -> Predicted wetted width: distance of the waters edge from left to right bank | P117: Predicted Wetted Width | Q117: Natural | R117: Predicted wetted width: distance of the waters edge from left to right bank | S117: 0.84818722
A118: NANIWS | B118: =IF(RIGHT(A118,2)="WS", LEFT(A118,LEN(A118)-2),A118) -> NANI | C118: =INDEX(Active!J:J, MATCH(Spearmans2!B118, Active!F:F,0),1) -> Anthropogenic Nitrogen | D118: =INDEX(Active!B:B, MATCH(Spearmans2!B118, Active!F:F,0),1) -> Anthropogenic | E118: =INDEX(Active!D:D, MATCH(Spearmans2!B118, Active!F:F,0),1) -> Agriculture | F118: =INDEX(Active!K:K, MATCH(Spearmans2!B118, Active!F:F,0),1) -> Net Anthropogenic Nitrogen within AOI: farm fertilizer + urban fertilizer + NOx deposition + CBNF + Human and Livestock food - crop N content - livestock N content | G118: Anthropogenic Nitrogen | H118: Anthropogenic | I118: Agriculture | J118: Net Anthropogenic Nitrogen within AOI: farm fertilizer + urban fertilizer + NOx deposition + CBNF + Human and Livestock food - crop N content - livestock N content | K118: THALWEGDEPTH | L118: =IF(RIGHT(K118,2)="WS", LEFT(K118,LEN(K118)-2),K118) -> THALWEGDEPTH | M118: =INDEX(Active!J:J, MATCH(Spearmans2!L118, Active!F:F,0),1) -> #N/A | N118: =INDEX(Active!B:B, MATCH(Spearmans2!L118, Active!F:F,0),1) -> #N/A | O118: =INDEX(Active!K:K, MATCH(Spearmans2!L118, Active!F:F,0),1) -> #N/A | P118: #N/A | Q118: #N/A | R118: #N/A | S118: 0.88083328
A119: NANIWS | B119: =IF(RIGHT(A119,2)="WS", LEFT(A119,LEN(A119)-2),A119) -> NANI | C119: =INDEX(Active!J:J, MATCH(Spearmans2!B119, Active!F:F,0),1) -> Anthropogenic Nitrogen | D119: =INDEX(Active!B:B, MATCH(Spearmans2!B119, Active!F:F,0),1) -> Anthropogenic | E119: =INDEX(Active!D:D, MATCH(Spearmans2!B119, Active!F:F,0),1) -> Agriculture | F119: =INDEX(Active!K:K, MATCH(Spearmans2!B119, Active!F:F,0),1) -> Net Anthropogenic Nitrogen within AOI: farm fertilizer + urban fertilizer + NOx deposition + CBNF + Human and Livestock food - crop N content - livestock N content | G119: Anthropogenic Nitrogen | H119: Anthropogenic | I119: Agriculture | J119: Net Anthropogenic Nitrogen within AOI: farm fertilizer + urban fertilizer + NOx deposition + CBNF + Human and Livestock food - crop N content - livestock N content | K119: NSURPWS | L119: =IF(RIGHT(K119,2)="WS", LEFT(K119,LEN(K119)-2),K119) -> NSURP | M119: =INDEX(Active!J:J, MATCH(Spearmans2!L119, Active!F:F,0),1) -> Nitrogen Surplus | N119: =INDEX(Active!B:B, MATCH(Spearmans2!L119, Active!F:F,0),1) -> Anthropogenic | O119: =INDEX(Active!K:K, MATCH(Spearmans2!L119, Active!F:F,0),1) -> Nitrogen Surplus (kg N / yr) per AOI - excluding biological N Fixation | P119: Nitrogen Surplus | Q119: Anthropogenic | R119: Nitrogen Surplus (kg N / yr) per AOI - excluding biological N Fixation | S119: 0.99655683
A120: NH42008WS | B120: =IF(RIGHT(A120,2)="WS", LEFT(A120,LEN(A120)-2),A120) -> NH42008 | C120: =INDEX(Active!J:J, MATCH(Spearmans2!B120, Active!F:F,0),1) -> Mean annual Precipitation-Weighted NH4 Mean | D120: =INDEX(Active!B:B, MATCH(Spearmans2!B120, Active!F:F,0),1) -> Natural | E120: =INDEX(Active!D:D, MATCH(Spearmans2!B120, Active!F:F,0),1) -> Climate | F120: =INDEX(Active!K:K, MATCH(Spearmans2!B120, Active!F:F,0),1) -> Annual gradient map of precipitation-weighted mean deposition for ammonium ion concentration wet deposition for 2008 in kg of NH4/ha/yr, within AOI | G120: Mean annual Precipitation-Weighted NH4 Mean | H120: Natural | I120: Climate | J120: Annual gradient map of precipitation-weighted mean deposition for ammonium ion concentration wet deposition for 2008 in kg of NH4/ha/yr, within AOI | K120: PRECIP2008WS | L120: =IF(RIGHT(K120,2)="WS", LEFT(K120,LEN(K120)-2),K120) -> PRECIP2008 | M120: =INDEX(Active!J:J, MATCH(Spearmans2!L120, Active!F:F,0),1) -> Mean Precipitation | N120: =INDEX(Active!B:B, MATCH(Spearmans2!L120, Active!F:F,0),1) -> Natural | O120: =INDEX(Active!K:K, MATCH(Spearmans2!L120, Active!F:F,0),1) -> PRISM climate data - 30-year normal mean precipitation (mm): Annual period: 2008 and 2009 within the AOI | P120: Mean Precipitation | Q120: Natural | R120: PRISM climate data - 30-year normal mean precipitation (mm): Annual period: 2008 and 2009 within the AOI | S120: 0.82799086
A121: NH42008WS | B121: =IF(RIGHT(A121,2)="WS", LEFT(A121,LEN(A121)-2),A121) -> NH42008 | C121: =INDEX(Active!J:J, MATCH(Spearmans2!B121, Active!F:F,0),1) -> Mean annual Precipitation-Weighted NH4 Mean | D121: =INDEX(Active!B:B, MATCH(Spearmans2!B121, Active!F:F,0),1) -> Natural | E121: =INDEX(Active!D:D, MATCH(Spearmans2!B121, Active!F:F,0),1) -> Climate | F121: =INDEX(Active!K:K, MATCH(Spearmans2!B121, Active!F:F,0),1) -> Annual gradient map of precipitation-weighted mean deposition for ammonium ion concentration wet deposition for 2008 in kg of NH4/ha/yr, within AOI | G121: Mean annual Precipitation-Weighted NH4 Mean | H121: Natural | I121: Climate | J121: Annual gradient map of precipitation-weighted mean deposition for ammonium ion concentration wet deposition for 2008 in kg of NH4/ha/yr, within AOI | K121: PRECIP8110WS | L121: =IF(RIGHT(K121,2)="WS", LEFT(K121,LEN(K121)-2),K121) -> PRECIP8110 | M121: =INDEX(Active!J:J, MATCH(Spearmans2!L121, Active!F:F,0),1) -> 30-year Mean Annual Precipitation | N121: =INDEX(Active!B:B, MATCH(Spearmans2!L121, Active!F:F,0),1) -> Natural | O121: =INDEX(Active!K:K, MATCH(Spearmans2!L121, Active!F:F,0),1) -> PRISM climate data - 30-year normal mean precipitation (mm): Annual period: 1981-2010 within AOI | P121: 30-year Mean Annual Precipitation | Q121: Natural | R121: PRISM climate data - 30-year normal mean precipitation (mm): Annual period: 1981-2010 within AOI | S121: 0.84664382
A122: NH42008WS | B122: =IF(RIGHT(A122,2)="WS", LEFT(A122,LEN(A122)-2),A122) -> NH42008 | C122: =INDEX(Active!J:J, MATCH(Spearmans2!B122, Active!F:F,0),1) -> Mean annual Precipitation-Weighted NH4 Mean | D122: =INDEX(Active!B:B, MATCH(Spearmans2!B122, Active!F:F,0),1) -> Natural | E122: =INDEX(Active!D:D, MATCH(Spearmans2!B122, Active!F:F,0),1) -> Climate | F122: =INDEX(Active!K:K, MATCH(Spearmans2!B122, Active!F:F,0),1) -> Annual gradient map of precipitation-weighted mean deposition for ammonium ion concentration wet deposition for 2008 in kg of NH4/ha/yr, within AOI | G122: Mean annual Precipitation-Weighted NH4 Mean | H122: Natural | I122: Climate | J122: Annual gradient map of precipitation-weighted mean deposition for ammonium ion concentration wet deposition for 2008 in kg of NH4/ha/yr, within AOI | K122: PRECIP_MINUS_EVTWS | L122: =IF(RIGHT(K122,2)="WS", LEFT(K122,LEN(K122)-2),K122) -> PRECIP_MINUS_EVT | M122: =INDEX(Active!J:J, MATCH(Spearmans2!L122, Active!F:F,0),1) -> Surplus Precipitation | N122: =INDEX(Active!B:B, MATCH(Spearmans2!L122, Active!F:F,0),1) -> Natural | O122: =INDEX(Active!K:K, MATCH(Spearmans2!L122, Active!F:F,0),1) -> This dataset represents surplus precipitation (mm): precipitation minus potential evaporation described in DOI: 10.1016/j.scitotenv.2020.137661 within individual, local NHDPlusV2 catchments and upstream, contributing watersheds. | P122: Surplus Precipitation | Q122: Natural | R122: This dataset represents surplus precipitation (mm): precipitation minus potential evaporation described in DOI: 10.1016/j.scitotenv.2020.137661 within individual, local NHDPlusV2 catchments and upstream, contributing watersheds. | S122: 0.8479126
A123: NH42008WS | B123: =IF(RIGHT(A123,2)="WS", LEFT(A123,LEN(A123)-2),A123) -> NH42008 | C123: =INDEX(Active!J:J, MATCH(Spearmans2!B123, Active!F:F,0),1) -> Mean annual Precipitation-Weighted NH4 Mean | D123: =INDEX(Active!B:B, MATCH(Spearmans2!B123, Active!F:F,0),1) -> Natural | E123: =INDEX(Active!D:D, MATCH(Spearmans2!B123, Active!F:F,0),1) -> Climate | F123: =INDEX(Active!K:K, MATCH(Spearmans2!B123, Active!F:F,0),1) -> Annual gradient map of precipitation-weighted mean deposition for ammonium ion concentration wet deposition for 2008 in kg of NH4/ha/yr, within AOI | G123: Mean annual Precipitation-Weighted NH4 Mean | H123: Natural | I123: Climate | J123: Annual gradient map of precipitation-weighted mean deposition for ammonium ion concentration wet deposition for 2008 in kg of NH4/ha/yr, within AOI | K123: PRECIP9120WS | L123: =IF(RIGHT(K123,2)="WS", LEFT(K123,LEN(K123)-2),K123) -> PRECIP9120 | M123: =INDEX(Active!J:J, MATCH(Spearmans2!L123, Active!F:F,0),1) -> 30-year Mean Annual Precipitation | N123: =INDEX(Active!B:B, MATCH(Spearmans2!L123, Active!F:F,0),1) -> Natural | O123: =INDEX(Active!K:K, MATCH(Spearmans2!L123, Active!F:F,0),1) -> PRISM climate data - 30-year normal mean precipitation (mm): Annual period: 1991-2020 within the AOI | P123: 30-year Mean Annual Precipitation | Q123: Natural | R123: PRISM climate data - 30-year normal mean precipitation (mm): Annual period: 1991-2020 within the AOI | S123: 0.84792858
A124: NH42008WS | B124: =IF(RIGHT(A124,2)="WS", LEFT(A124,LEN(A124)-2),A124) -> NH42008 | C124: =INDEX(Active!J:J, MATCH(Spearmans2!B124, Active!F:F,0),1) -> Mean annual Precipitation-Weighted NH4 Mean | D124: =INDEX(Active!B:B, MATCH(Spearmans2!B124, Active!F:F,0),1) -> Natural | E124: =INDEX(Active!D:D, MATCH(Spearmans2!B124, Active!F:F,0),1) -> Climate | F124: =INDEX(Active!K:K, MATCH(Spearmans2!B124, Active!F:F,0),1) -> Annual gradient map of precipitation-weighted mean deposition for ammonium ion concentration wet deposition for 2008 in kg of NH4/ha/yr, within AOI | G124: Mean annual Precipitation-Weighted NH4 Mean | H124: Natural | I124: Climate | J124: Annual gradient map of precipitation-weighted mean deposition for ammonium ion concentration wet deposition for 2008 in kg of NH4/ha/yr, within AOI | K124: NO32008WS | L124: =IF(RIGHT(K124,2)="WS", LEFT(K124,LEN(K124)-2),K124) -> NO32008 | M124: =INDEX(Active!J:J, MATCH(Spearmans2!L124, Active!F:F,0),1) -> Mean Annual Precipitation-Weighted NO3 Mean | N124: =INDEX(Active!B:B, MATCH(Spearmans2!L124, Active!F:F,0),1) -> Natural | O124: =INDEX(Active!K:K, MATCH(Spearmans2!L124, Active!F:F,0),1) -> Annual gradient map of precipitation-weighted mean deposition for nitrate ion concentration wet deposition for 2008 in kg of NO3/ha/yr, within AOI | P124: Mean Annual Precipitation-Weighted NO3 Mean | Q124: Natural | R124: Annual gradient map of precipitation-weighted mean deposition for nitrate ion concentration wet deposition for 2008 in kg of NO3/ha/yr, within AOI | S124: 0.96267018
A125: NH42008WS | B125: =IF(RIGHT(A125,2)="WS", LEFT(A125,LEN(A125)-2),A125) -> NH42008 | C125: =INDEX(Active!J:J, MATCH(Spearmans2!B125, Active!F:F,0),1) -> Mean annual Precipitation-Weighted NH4 Mean | D125: =INDEX(Active!B:B, MATCH(Spearmans2!B125, Active!F:F,0),1) -> Natural | E125: =INDEX(Active!D:D, MATCH(Spearmans2!B125, Active!F:F,0),1) -> Climate | F125: =INDEX(Active!K:K, MATCH(Spearmans2!B125, Active!F:F,0),1) -> Annual gradient map of precipitation-weighted mean deposition for ammonium ion concentration wet deposition for 2008 in kg of NH4/ha/yr, within AOI | G125: Mean annual Precipitation-Weighted NH4 Mean | H125: Natural | I125: Climate | J125: Annual gradient map of precipitation-weighted mean deposition for ammonium ion concentration wet deposition for 2008 in kg of NH4/ha/yr, within AOI | K125: SN2008WS | L125: =IF(RIGHT(K125,2)="WS", LEFT(K125,LEN(K125)-2),K125) -> SN2008 | M125: =INDEX(Active!J:J, MATCH(Spearmans2!L125, Active!F:F,0),1) -> Annual Mean Sulfur and Nitrogen Wet Deposition | N125: =INDEX(Active!B:B, MATCH(Spearmans2!L125, Active!F:F,0),1) -> Natural | O125: =INDEX(Active!K:K, MATCH(Spearmans2!L125, Active!F:F,0),1) -> Annual gradient map of precipitation-weighted mean deposition for average sulfur & nitrogen wet deposition for 2008 in kg of S+N/ha/yr, within AOI | P125: Annual Mean Sulfur and Nitrogen Wet Deposition | Q125: Natural | R125: Annual gradient map of precipitation-weighted mean deposition for average sulfur & nitrogen wet deposition for 2008 in kg of S+N/ha/yr, within AOI | S125: 0.98088713
A126: NH42008WS | B126: =IF(RIGHT(A126,2)="WS", LEFT(A126,LEN(A126)-2),A126) -> NH42008 | C126: =INDEX(Active!J:J, MATCH(Spearmans2!B126, Active!F:F,0),1) -> Mean annual Precipitation-Weighted NH4 Mean | D126: =INDEX(Active!B:B, MATCH(Spearmans2!B126, Active!F:F,0),1) -> Natural | E126: =INDEX(Active!D:D, MATCH(Spearmans2!B126, Active!F:F,0),1) -> Climate | F126: =INDEX(Active!K:K, MATCH(Spearmans2!B126, Active!F:F,0),1) -> Annual gradient map of precipitation-weighted mean deposition for ammonium ion concentration wet deposition for 2008 in kg of NH4/ha/yr, within AOI | G126: Mean annual Precipitation-Weighted NH4 Mean | H126: Natural | I126: Climate | J126: Annual gradient map of precipitation-weighted mean deposition for ammonium ion concentration wet deposition for 2008 in kg of NH4/ha/yr, within AOI | K126: INORGNWETDEP2008WS | L126: =IF(RIGHT(K126,2)="WS", LEFT(K126,LEN(K126)-2),K126) -> INORGNWETDEP2008 | M126: =INDEX(Active!J:J, MATCH(Spearmans2!L126, Active!F:F,0),1) -> Mean Annual Precipitation-Weighted Nitrogen | N126: =INDEX(Active!B:B, MATCH(Spearmans2!L126, Active!F:F,0),1) -> Natural | O126: =INDEX(Active!K:K, MATCH(Spearmans2!L126, Active!F:F,0),1) -> Annual gradient map of precipitation-weighted mean deposition for inorganic nitrogen wet deposition from nitrate and ammonium for 2008 in kg of N/ha/yr, within AOI | P126: Mean Annual Precipitation-Weighted Nitrogen | Q126: Natural | R126: Annual gradient map of precipitation-weighted mean deposition for inorganic nitrogen wet deposition from nitrate and ammonium for 2008 in kg of N/ha/yr, within AOI | S126: 0.993802
A127: NO32008WS | B127: =IF(RIGHT(A127,2)="WS", LEFT(A127,LEN(A127)-2),A127) -> NO32008 | C127: =INDEX(Active!J:J, MATCH(Spearmans2!B127, Active!F:F,0),1) -> Mean Annual Precipitation-Weighted NO3 Mean | D127: =INDEX(Active!B:B, MATCH(Spearmans2!B127, Active!F:F,0),1) -> Natural | E127: =INDEX(Active!D:D, MATCH(Spearmans2!B127, Active!F:F,0),1) -> Climate | F127: =INDEX(Active!K:K, MATCH(Spearmans2!B127, Active!F:F,0),1) -> Annual gradient map of precipitation-weighted mean deposition for nitrate ion concentration wet deposition for 2008 in kg of NO3/ha/yr, within AOI | G127: Mean Annual Precipitation-Weighted NO3 Mean | H127: Natural | I127: Climate | J127: Annual gradient map of precipitation-weighted mean deposition for nitrate ion concentration wet deposition for 2008 in kg of NO3/ha/yr, within AOI | K127: PRECIP2008WS | L127: =IF(RIGHT(K127,2)="WS", LEFT(K127,LEN(K127)-2),K127) -> PRECIP2008 | M127: =INDEX(Active!J:J, MATCH(Spearmans2!L127, Active!F:F,0),1) -> Mean Precipitation | N127: =INDEX(Active!B:B, MATCH(Spearmans2!L127, Active!F:F,0),1) -> Natural | O127: =INDEX(Active!K:K, MATCH(Spearmans2!L127, Active!F:F,0),1) -> PRISM climate data - 30-year normal mean precipitation (mm): Annual period: 2008 and 2009 within the AOI | P127: Mean Precipitation | Q127: Natural | R127: PRISM climate data - 30-year normal mean precipitation (mm): Annual period: 2008 and 2009 within the AOI | S127: 0.88238611
A128: NO32008WS | B128: =IF(RIGHT(A128,2)="WS", LEFT(A128,LEN(A128)-2),A128) -> NO32008 | C128: =INDEX(Active!J:J, MATCH(Spearmans2!B128, Active!F:F,0),1) -> Mean Annual Precipitation-Weighted NO3 Mean | D128: =INDEX(Active!B:B, MATCH(Spearmans2!B128, Active!F:F,0),1) -> Natural | E128: =INDEX(Active!D:D, MATCH(Spearmans2!B128, Active!F:F,0),1) -> Climate | F128: =INDEX(Active!K:K, MATCH(Spearmans2!B128, Active!F:F,0),1) -> Annual gradient map of precipitation-weighted mean deposition for nitrate ion concentration wet deposition for 2008 in kg of NO3/ha/yr, within AOI | G128: Mean Annual Precipitation-Weighted NO3 Mean | H128: Natural | I128: Climate | J128: Annual gradient map of precipitation-weighted mean deposition for nitrate ion concentration wet deposition for 2008 in kg of NO3/ha/yr, within AOI | K128: PRECIP8110WS | L128: =IF(RIGHT(K128,2)="WS", LEFT(K128,LEN(K128)-2),K128) -> PRECIP8110 | M128: =INDEX(Active!J:J, MATCH(Spearmans2!L128, Active!F:F,0),1) -> 30-year Mean Annual Precipitation | N128: =INDEX(Active!B:B, MATCH(Spearmans2!L128, Active!F:F,0),1) -> Natural | O128: =INDEX(Active!K:K, MATCH(Spearmans2!L128, Active!F:F,0),1) -> PRISM climate data - 30-year normal mean precipitation (mm): Annual period: 1981-2010 within AOI | P128: 30-year Mean Annual Precipitation | Q128: Natural | R128: PRISM climate data - 30-year normal mean precipitation (mm): Annual period: 1981-2010 within AOI | S128: 0.8895463
A129: NO32008WS | B129: =IF(RIGHT(A129,2)="WS", LEFT(A129,LEN(A129)-2),A129) -> NO32008 | C129: =INDEX(Active!J:J, MATCH(Spearmans2!B129, Active!F:F,0),1) -> Mean Annual Precipitation-Weighted NO3 Mean | D129: =INDEX(Active!B:B, MATCH(Spearmans2!B129, Active!F:F,0),1) -> Natural | E129: =INDEX(Active!D:D, MATCH(Spearmans2!B129, Active!F:F,0),1) -> Climate | F129: =INDEX(Active!K:K, MATCH(Spearmans2!B129, Active!F:F,0),1) -> Annual gradient map of precipitation-weighted mean deposition for nitrate ion concentration wet deposition for 2008 in kg of NO3/ha/yr, within AOI | G129: Mean Annual Precipitation-Weighted NO3 Mean | H129: Natural | I129: Climate | J129: Annual gradient map of precipitation-weighted mean deposition for nitrate ion concentration wet deposition for 2008 in kg of NO3/ha/yr, within AOI | K129: PRECIP9120WS | L129: =IF(RIGHT(K129,2)="WS", LEFT(K129,LEN(K129)-2),K129) -> PRECIP9120 | M129: =INDEX(Active!J:J, MATCH(Spearmans2!L129, Active!F:F,0),1) -> 30-year Mean Annual Precipitation | N129: =INDEX(Active!B:B, MATCH(Spearmans2!L129, Active!F:F,0),1) -> Natural | O129: =INDEX(Active!K:K, MATCH(Spearmans2!L129, Active!F:F,0),1) -> PRISM climate data - 30-year normal mean precipitation (mm): Annual period: 1991-2020 within the AOI | P129: 30-year Mean Annual Precipitation | Q129: Natural | R129: PRISM climate data - 30-year normal mean precipitation (mm): Annual period: 1991-2020 within the AOI | S129: 0.8923503
A130: NO32008WS | B130: =IF(RIGHT(A130,2)="WS", LEFT(A130,LEN(A130)-2),A130) -> NO32008 | C130: =INDEX(Active!J:J, MATCH(Spearmans2!B130, Active!F:F,0),1) -> Mean Annual Precipitation-Weighted NO3 Mean | D130: =INDEX(Active!B:B, MATCH(Spearmans2!B130, Active!F:F,0),1) -> Natural | E130: =INDEX(Active!D:D, MATCH(Spearmans2!B130, Active!F:F,0),1) -> Climate | F130: =INDEX(Active!K:K, MATCH(Spearmans2!B130, Active!F:F,0),1) -> Annual gradient map of precipitation-weighted mean deposition for nitrate ion concentration wet deposition for 2008 in kg of NO3/ha/yr, within AOI | G130: Mean Annual Precipitation-Weighted NO3 Mean | H130: Natural | I130: Climate | J130: Annual gradient map of precipitation-weighted mean deposition for nitrate ion concentration wet deposition for 2008 in kg of NO3/ha/yr, within AOI | K130: PRECIP_MINUS_EVTWS | L130: =IF(RIGHT(K130,2)="WS", LEFT(K130,LEN(K130)-2),K130) -> PRECIP_MINUS_EVT | M130: =INDEX(Active!J:J, MATCH(Spearmans2!L130, Active!F:F,0),1) -> Surplus Precipitation | N130: =INDEX(Active!B:B, MATCH(Spearmans2!L130, Active!F:F,0),1) -> Natural | O130: =INDEX(Active!K:K, MATCH(Spearmans2!L130, Active!F:F,0),1) -> This dataset represents surplus precipitation (mm): precipitation minus potential evaporation described in DOI: 10.1016/j.scitotenv.2020.137661 within individual, local NHDPlusV2 catchments and upstream, contributing watersheds. | P130: Surplus Precipitation | Q130: Natural | R130: This dataset represents surplus precipitation (mm): precipitation minus potential evaporation described in DOI: 10.1016/j.scitotenv.2020.137661 within individual, local NHDPlusV2 catchments and upstream, contributing watersheds. | S130: 0.89309063
... A136: NSURPWS | B136: =IF(RIGHT(A136,2)="WS", LEFT(A136,LEN(A136)-2),A136) -> NSURP | C136: =INDEX(Active!J:J, MATCH(Spearmans2!B136, Active!F:F,0),1) -> Nitrogen Surplus | D136: =INDEX(Active!B:B, MATCH(Spearmans2!B136, Active!F:F,0),1) -> Anthropogenic | E136: =INDEX(Active!D:D, MATCH(Spearmans2!B136, Active!F:F,0),1) -> Agriculture | F136: =INDEX(Active!K:K, MATCH(Spearmans2!B136, Active!F:F,0),1) -> Nitrogen Surplus (kg N / yr) per AOI - excluding biological N Fixation | G136: Nitrogen Surplus | H136: Anthropogenic | I136: Agriculture | J136: Nitrogen Surplus (kg N / yr) per AOI - excluding biological N Fixation | K136: WETTEDWIDTH | L136: =IF(RIGHT(K136,2)="WS", LEFT(K136,LEN(K136)-2),K136) -> WETTEDWIDTH | M136: =INDEX(Active!J:J, MATCH(Spearmans2!L136, Active!F:F,0),1) -> Predicted Wetted Width | N136: =INDEX(Active!B:B, MATCH(Spearmans2!L136, Active!F:F,0),1) -> Natural | O136: =INDEX(Active!K:K, MATCH(Spearmans2!L136, Active!F:F,0),1) -> Predicted wetted width: distance of the waters edge from left to right bank | P136: Predicted Wetted Width | Q136: Natural | R136: Predicted wetted width: distance of the waters edge from left to right bank | S136: 0.8522794
A137: NSURPWS | B137: =IF(RIGHT(A137,2)="WS", LEFT(A137,LEN(A137)-2),A137) -> NSURP | C137: =INDEX(Active!J:J, MATCH(Spearmans2!B137, Active!F:F,0),1) -> Nitrogen Surplus | D137: =INDEX(Active!B:B, MATCH(Spearmans2!B137, Active!F:F,0),1) -> Anthropogenic | E137: =INDEX(Active!D:D, MATCH(Spearmans2!B137, Active!F:F,0),1) -> Agriculture | F137: =INDEX(Active!K:K, MATCH(Spearmans2!B137, Active!F:F,0),1) -> Nitrogen Surplus (kg N / yr) per AOI - excluding biological N Fixation | G137: Nitrogen Surplus | H137: Anthropogenic | I137: Agriculture | J137: Nitrogen Surplus (kg N / yr) per AOI - excluding biological N Fixation | K137: THALWEGDEPTH | L137: =IF(RIGHT(K137,2)="WS", LEFT(K137,LEN(K137)-2),K137) -> THALWEGDEPTH | M137: =INDEX(Active!J:J, MATCH(Spearmans2!L137, Active!F:F,0),1) -> #N/A | N137: =INDEX(Active!B:B, MATCH(Spearmans2!L137, Active!F:F,0),1) -> #N/A | O137: =INDEX(Active!K:K, MATCH(Spearmans2!L137, Active!F:F,0),1) -> #N/A | P137: #N/A | Q137: #N/A | R137: #N/A | S137: 0.88821855
A138: NSURPWS | B138: =IF(RIGHT(A138,2)="WS", LEFT(A138,LEN(A138)-2),A138) -> NSURP | C138: =INDEX(Active!J:J, MATCH(Spearmans2!B138, Active!F:F,0),1) -> Nitrogen Surplus | D138: =INDEX(Active!B:B, MATCH(Spearmans2!B138, Active!F:F,0),1) -> Anthropogenic | E138: =INDEX(Active!D:D, MATCH(Spearmans2!B138, Active!F:F,0),1) -> Agriculture | F138: =INDEX(Active!K:K, MATCH(Spearmans2!B138, Active!F:F,0),1) -> Nitrogen Surplus (kg N / yr) per AOI - excluding biological N Fixation | G138: Nitrogen Surplus | H138: Anthropogenic | I138: Agriculture | J138: Nitrogen Surplus (kg N / yr) per AOI - excluding biological N Fixation | K138: NANIWS | L138: =IF(RIGHT(K138,2)="WS", LEFT(K138,LEN(K138)-2),K138) -> NANI | M138: =INDEX(Active!J:J, MATCH(Spearmans2!L138, Active!F:F,0),1) -> Anthropogenic Nitrogen | N138: =INDEX(Active!B:B, MATCH(Spearmans2!L138, Active!F:F,0),1) -> Anthropogenic | O138: =INDEX(Active!K:K, MATCH(Spearmans2!L138, Active!F:F,0),1) -> Net Anthropogenic Nitrogen within AOI: farm fertilizer + urban fertilizer + NOx deposition + CBNF + Human and Livestock food - crop N content - livestock N content | P138: Anthropogenic Nitrogen | Q138: Anthropogenic | R138: Net Anthropogenic Nitrogen within AOI: farm fertilizer + urban fertilizer + NOx deposition + CBNF + Human and Livestock food - crop N content - livestock N content | S138: 0.99655683
A139: P2O5WS | B139: =IF(RIGHT(A139,2)="WS", LEFT(A139,LEN(A139)-2),A139) -> P2O5 | C139: =INDEX(Active!J:J, MATCH(Spearmans2!B139, Active!F:F,0),1) -> Mean Lithological Phosphorous Oxide | D139: =INDEX(Active!B:B, MATCH(Spearmans2!B139, Active!F:F,0),1) -> Natural | E139: =INDEX(Active!D:D, MATCH(Spearmans2!B139, Active!F:F,0),1) -> Lithology | F139: =INDEX(Active!K:K, MATCH(Spearmans2!B139, Active!F:F,0),1) -> Mean % of lithological phosphorous oxide (P2O5) content in surface or near surface geology within AOI | G139: Mean Lithological Phosphorous Oxide | H139: Natural | I139: Lithology | J139: Mean % of lithological phosphorous oxide (P2O5) content in surface or near surface geology within AOI | K139: SIO2WS | L139: =IF(RIGHT(K139,2)="WS", LEFT(K139,LEN(K139)-2),K139) -> SIO2 | M139: =INDEX(Active!J:J, MATCH(Spearmans2!L139, Active!F:F,0),1) -> Mean Lithological Silicon Dioxide | N139: =INDEX(Active!B:B, MATCH(Spearmans2!L139, Active!F:F,0),1) -> Natural | O139: =INDEX(Active!K:K, MATCH(Spearmans2!L139, Active!F:F,0),1) -> Mean % of lithological silicon dioxide (SiO2) content in surface or near surface geology within AOI | P139: Mean Lithological Silicon Dioxide | Q139: Natural | R139: Mean % of lithological silicon dioxide (SiO2) content in surface or near surface geology within AOI | S139: -0.85169405
A140: P2O5WS | B140: =IF(RIGHT(A140,2)="WS", LEFT(A140,LEN(A140)-2),A140) -> P2O5 | C140: =INDEX(Active!J:J, MATCH(Spearmans2!B140, Active!F:F,0),1) -> Mean Lithological Phosphorous Oxide | D140: =INDEX(Active!B:B, MATCH(Spearmans2!B140, Active!F:F,0),1) -> Natural | E140: =INDEX(Active!D:D, MATCH(Spearmans2!B140, Active!F:F,0),1) -> Lithology | F140: =INDEX(Active!K:K, MATCH(Spearmans2!B140, Active!F:F,0),1) -> Mean % of lithological phosphorous oxide (P2O5) content in surface or near surface geology within AOI | G140: Mean Lithological Phosphorous Oxide | H140: Natural | I140: Lithology | J140: Mean % of lithological phosphorous oxide (P2O5) content in surface or near surface geology within AOI | K140: MGOWS | L140: =IF(RIGHT(K140,2)="WS", LEFT(K140,LEN(K140)-2),K140) -> MGO | M140: =INDEX(Active!J:J, MATCH(Spearmans2!L140, Active!F:F,0),1) -> Mean Lithological Magnesium Oxide | N140: =INDEX(Active!B:B, MATCH(Spearmans2!L140, Active!F:F,0),1) -> Natural | O140: =INDEX(Active!K:K, MATCH(Spearmans2!L140, Active!F:F,0),1) -> Mean % of lithological magnesium oxide (MgO) content in surface or near surface geology within AOI | P140: Mean Lithological Magnesium Oxide | Q140: Natural | R140: Mean % of lithological magnesium oxide (MgO) content in surface or near surface geology within AOI | S140: 0.80876958
A141: P2O5WS | B141: =IF(RIGHT(A141,2)="WS", LEFT(A141,LEN(A141)-2),A141) -> P2O5 | C141: =INDEX(Active!J:J, MATCH(Spearmans2!B141, Active!F:F,0),1) -> Mean Lithological Phosphorous Oxide | D141: =INDEX(Active!B:B, MATCH(Spearmans2!B141, Active!F:F,0),1) -> Natural | E141: =INDEX(Active!D:D, MATCH(Spearmans2!B141, Active!F:F,0),1) -> Lithology | F141: =INDEX(Active!K:K, MATCH(Spearmans2!B141, Active!F:F,0),1) -> Mean % of lithological phosphorous oxide (P2O5) content in surface or near surface geology within AOI | G141: Mean Lithological Phosphorous Oxide | H141: Natural | I141: Lithology | J141: Mean % of lithological phosphorous oxide (P2O5) content in surface or near surface geology within AOI | K141: AL2O3WS | L141: =IF(RIGHT(K141,2)="WS", LEFT(K141,LEN(K141)-2),K141) -> AL2O3 | M141: =INDEX(Active!J:J, MATCH(Spearmans2!L141, Active!F:F,0),1) -> Mean Lithological Aluminum Oxide | N141: =INDEX(Active!B:B, MATCH(Spearmans2!L141, Active!F:F,0),1) -> Natural | O141: =INDEX(Active!K:K, MATCH(Spearmans2!L141, Active!F:F,0),1) -> Mean % of lithological aluminum oxide (Al2O3) content in surface or near surface geology within AOI | P141: Mean Lithological Aluminum Oxide | Q141: Natural | R141: Mean % of lithological aluminum oxide (Al2O3) content in surface or near surface geology within AOI | S141: 0.87560554
A142: P2O5WS | B142: =IF(RIGHT(A142,2)="WS", LEFT(A142,LEN(A142)-2),A142) -> P2O5 | C142: =INDEX(Active!J:J, MATCH(Spearmans2!B142, Active!F:F,0),1) -> Mean Lithological Phosphorous Oxide | D142: =INDEX(Active!B:B, MATCH(Spearmans2!B142, Active!F:F,0),1) -> Natural | E142: =INDEX(Active!D:D, MATCH(Spearmans2!B142, Active!F:F,0),1) -> Lithology | F142: =INDEX(Active!K:K, MATCH(Spearmans2!B142, Active!F:F,0),1) -> Mean % of lithological phosphorous oxide (P2O5) content in surface or near surface geology within AOI | G142: Mean Lithological Phosphorous Oxide | H142: Natural | I142: Lithology | J142: Mean % of lithological phosphorous oxide (P2O5) content in surface or near surface geology within AOI | K142: CAOWS | L142: =IF(RIGHT(K142,2)="WS", LEFT(K142,LEN(K142)-2),K142) -> CAO | M142: =INDEX(Active!J:J, MATCH(Spearmans2!L142, Active!F:F,0),1) -> Mean Lithological Calcium Oxide | N142: =INDEX(Active!B:B, MATCH(Spearmans2!L142, Active!F:F,0),1) -> Natural | O142: =INDEX(Active!K:K, MATCH(Spearmans2!L142, Active!F:F,0),1) -> Mean % of lithological calcium oxide (CaO) content in surface or near surface geology within AOI | P142: Mean Lithological Calcium Oxide | Q142: Natural | R142: Mean % of lithological calcium oxide (CaO) content in surface or near surface geology within AOI | S142: 0.93815151
A143: PCT_EROD | B143: =IF(RIGHT(A143,2)="WS", LEFT(A143,LEN(A143)-2),A143) -> PCT_EROD | C143: =INDEX(Active!J:J, MATCH(Spearmans2!B143, Active!F:F,0),1) -> #N/A | D143: =INDEX(Active!B:B, MATCH(Spearmans2!B143, Active!F:F,0),1) -> #N/A | E143: =INDEX(Active!D:D, MATCH(Spearmans2!B143, Active!F:F,0),1) -> #N/A | F143: =INDEX(Active!K:K, MATCH(Spearmans2!B143, Active!F:F,0),1) -> #N/A | G143: #N/A | H143: #N/A | I143: #N/A | J143: #N/A | K143: PCTSILICICWS | L143: =IF(RIGHT(K143,2)="WS", LEFT(K143,LEN(K143)-2),K143) -> PCTSILICIC | M143: =INDEX(Active!J:J, MATCH(Spearmans2!L143, Active!F:F,0),1) -> Silicic Residual Material | N143: =INDEX(Active!B:B, MATCH(Spearmans2!L143, Active!F:F,0),1) -> Natural | O143: =INDEX(Active!K:K, MATCH(Spearmans2!L143, Active!F:F,0),1) -> % of AOI area classified as lithology type: silicic residual material | P143: Silicic Residual Material | Q143: Natural | R143: % of AOI area classified as lithology type: silicic residual material | S143: -0.83093273
A144: PCT_EROD | B144: =IF(RIGHT(A144,2)="WS", LEFT(A144,LEN(A144)-2),A144) -> PCT_EROD | C144: =INDEX(Active!J:J, MATCH(Spearmans2!B144, Active!F:F,0),1) -> #N/A | D144: =INDEX(Active!B:B, MATCH(Spearmans2!B144, Active!F:F,0),1) -> #N/A | E144: =INDEX(Active!D:D, MATCH(Spearmans2!B144, Active!F:F,0),1) -> #N/A | F144: =INDEX(Active!K:K, MATCH(Spearmans2!B144, Active!F:F,0),1) -> #N/A | G144: #N/A | H144: #N/A | I144: #N/A | J144: #N/A | K144: PCTNONCARBRESIDWS | L144: =IF(RIGHT(K144,2)="WS", LEFT(K144,LEN(K144)-2),K144) -> PCTNONCARBRESID | M144: =INDEX(Active!J:J, MATCH(Spearmans2!L144, Active!F:F,0),1) -> Non-Carbonate Residual Material | N144: =INDEX(Active!B:B, MATCH(Spearmans2!L144, Active!F:F,0),1) -> Natural | O144: =INDEX(Active!K:K, MATCH(Spearmans2!L144, Active!F:F,0),1) -> % of AOI area classified as lithology type: non-carbonate residual material | P144: Non-Carbonate Residual Material | Q144: Natural | R144: % of AOI area classified as lithology type: non-carbonate residual material | S144: 0.85567484
A145: PCTAGSLPHIGH2001WS | B145: =IF(RIGHT(A145,2)="WS", LEFT(A145,LEN(A145)-2),A145) -> PCTAGSLPHIGH2001 | C145: =INDEX(Active!J:J, MATCH(Spearmans2!B145, Active!F:F,0),1) -> Percent of Agriculture of 20% Slope | D145: =INDEX(Active!B:B, MATCH(Spearmans2!B145, Active!F:F,0),1) -> Anthropogenic | E145: =INDEX(Active!D:D, MATCH(Spearmans2!B145, Active!F:F,0),1) -> Agriculture | F145: =INDEX(Active!K:K, MATCH(Spearmans2!B145, Active!F:F,0),1) -> % of AOI area classified as ag land cover (NLCD classes 81-82) occurring on slopes > 20% | G145: Percent of Agriculture of 20% Slope | H145: Anthropogenic | I145: Agriculture | J145: % of AOI area classified as ag land cover (NLCD classes 81-82) occurring on slopes > 20% | K145: PCTHAY2001WS | L145: =IF(RIGHT(K145,2)="WS", LEFT(K145,LEN(K145)-2),K145) -> PCTHAY2001 | M145: =INDEX(Active!J:J, MATCH(Spearmans2!L145, Active!F:F,0),1) -> Pasture/Hay Percentage | N145: =INDEX(Active!B:B, MATCH(Spearmans2!L145, Active!F:F,0),1) -> Anthropogenic | O145: =INDEX(Active!K:K, MATCH(Spearmans2!L145, Active!F:F,0),1) -> % of AOI area classified as hay land use (NLCD class 81) | P145: Pasture/Hay Percentage | Q145: Anthropogenic | R145: % of AOI area classified as hay land use (NLCD class 81) | S145: 0.80004199
A146: PCTAGSLPHIGH2001WS | B146: =IF(RIGHT(A146,2)="WS", LEFT(A146,LEN(A146)-2),A146) -> PCTAGSLPHIGH2001 | C146: =INDEX(Active!J:J, MATCH(Spearmans2!B146, Active!F:F,0),1) -> Percent of Agriculture of 20% Slope | D146: =INDEX(Active!B:B, MATCH(Spearmans2!B146, Active!F:F,0),1) -> Anthropogenic | E146: =INDEX(Active!D:D, MATCH(Spearmans2!B146, Active!F:F,0),1) -> Agriculture | F146: =INDEX(Active!K:K, MATCH(Spearmans2!B146, Active!F:F,0),1) -> % of AOI area classified as ag land cover (NLCD classes 81-82) occurring on slopes > 20% | G146: Percent of Agriculture of 20% Slope | H146: Anthropogenic | I146: Agriculture | J146: % of AOI area classified as ag land cover (NLCD classes 81-82) occurring on slopes > 20% | K146: PCTAGSLPMID2001WS | L146: =IF(RIGHT(K146,2)="WS", LEFT(K146,LEN(K146)-2),K146) -> PCTAGSLPMID2001 | M146: =INDEX(Active!J:J, MATCH(Spearmans2!L146, Active!F:F,0),1) -> Percent of Agriculture of 10% Slope | N146: =INDEX(Active!B:B, MATCH(Spearmans2!L146, Active!F:F,0),1) -> Anthropogenic | O146: =INDEX(Active!K:K, MATCH(Spearmans2!L146, Active!F:F,0),1) -> % of AOI area classified as ag land cover (NLCD classes 81-82) occurring on slopes > 10% | P146: Percent of Agriculture of 10% Slope | Q146: Anthropogenic | R146: % of AOI area classified as ag land cover (NLCD classes 81-82) occurring on slopes > 10% | S146: 0.91387838
A147: PCTAGSLPMID2001WS | B147: =IF(RIGHT(A147,2)="WS", LEFT(A147,LEN(A147)-2),A147) -> PCTAGSLPMID2001 | C147: =INDEX(Active!J:J, MATCH(Spearmans2!B147, Active!F:F,0),1) -> Percent of Agriculture of 10% Slope | D147: =INDEX(Active!B:B, MATCH(Spearmans2!B147, Active!F:F,0),1) -> Anthropogenic | E147: =INDEX(Active!D:D, MATCH(Spearmans2!B147, Active!F:F,0),1) -> Agriculture | F147: =INDEX(Active!K:K, MATCH(Spearmans2!B147, Active!F:F,0),1) -> % of AOI area classified as ag land cover (NLCD classes 81-82) occurring on slopes > 10% | G147: Percent of Agriculture of 10% Slope | H147: Anthropogenic | I147: Agriculture | J147: % of AOI area classified as ag land cover (NLCD classes 81-82) occurring on slopes > 10% | K147: PCTHAY2001WS | L147: =IF(RIGHT(K147,2)="WS", LEFT(K147,LEN(K147)-2),K147) -> PCTHAY2001 | M147: =INDEX(Active!J:J, MATCH(Spearmans2!L147, Active!F:F,0),1) -> Pasture/Hay Percentage | N147: =INDEX(Active!B:B, MATCH(Spearmans2!L147, Active!F:F,0),1) -> Anthropogenic | O147: =INDEX(Active!K:K, MATCH(Spearmans2!L147, Active!F:F,0),1) -> % of AOI area classified as hay land use (NLCD class 81) | P147: Pasture/Hay Percentage | Q147: Anthropogenic | R147: % of AOI area classified as hay land use (NLCD class 81) | S147: 0.89277341
A148: PCTAGSLPMID2001WS | B148: =IF(RIGHT(A148,2)="WS", LEFT(A148,LEN(A148)-2),A148) -> PCTAGSLPMID2001 | C148: =INDEX(Active!J:J, MATCH(Spearmans2!B148, Active!F:F,0),1) -> Percent of Agriculture of 10% Slope | D148: =INDEX(Active!B:B, MATCH(Spearmans2!B148, Active!F:F,0),1) -> Anthropogenic | E148: =INDEX(Active!D:D, MATCH(Spearmans2!B148, Active!F:F,0),1) -> Agriculture | F148: =INDEX(Active!K:K, MATCH(Spearmans2!B148, Active!F:F,0),1) -> % of AOI area classified as ag land cover (NLCD classes 81-82) occurring on slopes > 10% | G148: Percent of Agriculture of 10% Slope | H148: Anthropogenic | I148: Agriculture | J148: % of AOI area classified as ag land cover (NLCD classes 81-82) occurring on slopes > 10% | K148: PCTAGSLPHIGH2001WS | L148: =IF(RIGHT(K148,2)="WS", LEFT(K148,LEN(K148)-2),K148) -> PCTAGSLPHIGH2001 | M148: =INDEX(Active!J:J, MATCH(Spearmans2!L148, Active!F:F,0),1) -> Percent of Agriculture of 20% Slope | N148: =INDEX(Active!B:B, MATCH(Spearmans2!L148, Active!F:F,0),1) -> Anthropogenic | O148: =INDEX(Active!K:K, MATCH(Spearmans2!L148, Active!F:F,0),1) -> % of AOI area classified as ag land cover (NLCD classes 81-82) occurring on slopes > 20% | P148: Percent of Agriculture of 20% Slope | Q148: Anthropogenic | R148: % of AOI area classified as ag land cover (NLCD classes 81-82) occurring on slopes > 20% | S148: 0.91387838
A149: PCTBURNAREA2002WS | B149: =IF(RIGHT(A149,2)="WS", LEFT(A149,LEN(A149)-2),A149) -> PCTBURNAREA2002 | C149: =INDEX(Active!J:J, MATCH(Spearmans2!B149, Active!F:F,0),1) -> Wildfire Burn Percent 1984-2018 | D149: =INDEX(Active!B:B, MATCH(Spearmans2!B149, Active!F:F,0),1) -> Natural | E149: =INDEX(Active!D:D, MATCH(Spearmans2!B149, Active!F:F,0),1) -> Wildfire | F149: =INDEX(Active!K:K, MATCH(Spearmans2!B149, Active!F:F,0),1) -> Mean % of AOI burned from wildfires for each year for 1984-2018 | G149: Wildfire Burn Percent 1984-2018 | H149: Natural | I149: Wildfire | J149: Mean % of AOI burned from wildfires for each year for 1984-2018 | K149: PCTFIRE2002WS | L149: =IF(RIGHT(K149,2)="WS", LEFT(K149,LEN(K149)-2),K149) -> PCTFIRE2002 | M149: =INDEX(Active!J:J, MATCH(Spearmans2!L149, Active!F:F,0),1) -> Forest Fire Loss | N149: =INDEX(Active!B:B, MATCH(Spearmans2!L149, Active!F:F,0),1) -> Natural | O149: =INDEX(Active!K:K, MATCH(Spearmans2!L149, Active!F:F,0),1) -> % Forest loss to fire (fire perimeter) within AOI | P149: Forest Fire Loss | Q149: Natural | R149: % Forest loss to fire (fire perimeter) within AOI | S149: 0.85881158
A150: PCTBURNAREA2002WS | B150: =IF(RIGHT(A150,2)="WS", LEFT(A150,LEN(A150)-2),A150) -> PCTBURNAREA2002 | C150: =INDEX(Active!J:J, MATCH(Spearmans2!B150, Active!F:F,0),1) -> Wildfire Burn Percent 1984-2018 | D150: =INDEX(Active!B:B, MATCH(Spearmans2!B150, Active!F:F,0),1) -> Natural | E150: =INDEX(Active!D:D, MATCH(Spearmans2!B150, Active!F:F,0),1) -> Wildfire | F150: =INDEX(Active!K:K, MATCH(Spearmans2!B150, Active!F:F,0),1) -> Mean % of AOI burned from wildfires for each year for 1984-2018 | G150: Wildfire Burn Percent 1984-2018 | H150: Natural | I150: Wildfire | J150: Mean % of AOI burned from wildfires for each year for 1984-2018 | K150: PCTHIGHSEV2002WS | L150: =IF(RIGHT(K150,2)="WS", LEFT(K150,LEN(K150)-2),K150) -> PCTHIGHSEV2002 | M150: =INDEX(Active!J:J, MATCH(Spearmans2!L150, Active!F:F,0),1) -> Percent High Burn Severity Class For Year | N150: =INDEX(Active!B:B, MATCH(Spearmans2!L150, Active!F:F,0),1) -> Natural | O150: =INDEX(Active!K:K, MATCH(Spearmans2!L150, Active!F:F,0),1) -> % of AOI in each burn severity class for wildfires for each year for 1984-2018 | P150: Percent High Burn Severity Class For Year | Q150: Natural | R150: % of AOI in each burn severity class for wildfires for each year for 1984-2018 | S150: 0.87132175
A151: PCTBURNAREA2002WS | B151: =IF(RIGHT(A151,2)="WS", LEFT(A151,LEN(A151)-2),A151) -> PCTBURNAREA2002 | C151: =INDEX(Active!J:J, MATCH(Spearmans2!B151, Active!F:F,0),1) -> Wildfire Burn Percent 1984-2018 | D151: =INDEX(Active!B:B, MATCH(Spearmans2!B151, Active!F:F,0),1) -> Natural | E151: =INDEX(Active!D:D, MATCH(Spearmans2!B151, Active!F:F,0),1) -> Wildfire | F151: =INDEX(Active!K:K, MATCH(Spearmans2!B151, Active!F:F,0),1) -> Mean % of AOI burned from wildfires for each year for 1984-2018 | G151: Wildfire Burn Percent 1984-2018 | H151: Natural | I151: Wildfire | J151: Mean % of AOI burned from wildfires for each year for 1984-2018 | K151: PCTMODSEV2002WS | L151: =IF(RIGHT(K151,2)="WS", LEFT(K151,LEN(K151)-2),K151) -> PCTMODSEV2002 | M151: =INDEX(Active!J:J, MATCH(Spearmans2!L151, Active!F:F,0),1) -> Percent Moderate Burn Severity Class For Year | N151: =INDEX(Active!B:B, MATCH(Spearmans2!L151, Active!F:F,0),1) -> Natural | O151: =INDEX(Active!K:K, MATCH(Spearmans2!L151, Active!F:F,0),1) -> % of AOI in each burn severity class for wildfires for each year for 1984-2018 | P151: Percent Moderate Burn Severity Class For Year | Q151: Natural | R151: % of AOI in each burn severity class for wildfires for each year for 1984-2018 | S151: 0.93199004
A152: PCTBURNAREA2002WS | B152: =IF(RIGHT(A152,2)="WS", LEFT(A152,LEN(A152)-2),A152) -> PCTBURNAREA2002 | C152: =INDEX(Active!J:J, MATCH(Spearmans2!B152, Active!F:F,0),1) -> Wildfire Burn Percent 1984-2018 | D152: =INDEX(Active!B:B, MATCH(Spearmans2!B152, Active!F:F,0),1) -> Natural | E152: =INDEX(Active!D:D, MATCH(Spearmans2!B152, Active!F:F,0),1) -> Wildfire | F152: =INDEX(Active!K:K, MATCH(Spearmans2!B152, Active!F:F,0),1) -> Mean % of AOI burned from wildfires for each year for 1984-2018 | G152: Wildfire Burn Percent 1984-2018 | H152: Natural | I152: Wildfire | J152: Mean % of AOI burned from wildfires for each year for 1984-2018 | K152: PCTLOWSEV2002WS | L152: =IF(RIGHT(K152,2)="WS", LEFT(K152,LEN(K152)-2),K152) -> PCTLOWSEV2002 | M152: =INDEX(Active!J:J, MATCH(Spearmans2!L152, Active!F:F,0),1) -> Percent Low Burn Severity Class For Year | N152: =INDEX(Active!B:B, MATCH(Spearmans2!L152, Active!F:F,0),1) -> Natural | O152: =INDEX(Active!K:K, MATCH(Spearmans2!L152, Active!F:F,0),1) -> % of AOI in each burn severity class for wildfires for each year for 1984-2018 | P152: Percent Low Burn Severity Class For Year | Q152: Natural | R152: % of AOI in each burn severity class for wildfires for each year for 1984-2018 | S152: 0.99078282
A153: PCTBURNAREA2002WS | B153: =IF(RIGHT(A153,2)="WS", LEFT(A153,LEN(A153)-2),A153) -> PCTBURNAREA2002 | C153: =INDEX(Active!J:J, MATCH(Spearmans2!B153, Active!F:F,0),1) -> Wildfire Burn Percent 1984-2018 | D153: =INDEX(Active!B:B, MATCH(Spearmans2!B153, Active!F:F,0),1) -> Natural | E153: =INDEX(Active!D:D, MATCH(Spearmans2!B153, Active!F:F,0),1) -> Wildfire | F153: =INDEX(Active!K:K, MATCH(Spearmans2!B153, Active!F:F,0),1) -> Mean % of AOI burned from wildfires for each year for 1984-2018 | G153: Wildfire Burn Percent 1984-2018 | H153: Natural | I153: Wildfire | J153: Mean % of AOI burned from wildfires for each year for 1984-2018 | K153: PCTUNDSEV2002WS | L153: =IF(RIGHT(K153,2)="WS", LEFT(K153,LEN(K153)-2),K153) -> PCTUNDSEV2002 | M153: =INDEX(Active!J:J, MATCH(Spearmans2!L153, Active!F:F,0),1) -> Percent Underburned to Low Burn Severity Class For Year | N153: =INDEX(Active!B:B, MATCH(Spearmans2!L153, Active!F:F,0),1) -> Natural | O153: =INDEX(Active!K:K, MATCH(Spearmans2!L153, Active!F:F,0),1) -> % of AOI in each burn severity class for wildfires for each year for 1984-2018 | P153: Percent Underburned to Low Burn Severity Class For Year | Q153: Natural | R153: % of AOI in each burn severity class for wildfires for each year for 1984-2018 | S153: 0.99981548
A154: PCTDECID2001WS | B154: =IF(RIGHT(A154,2)="WS", LEFT(A154,LEN(A154)-2),A154) -> PCTDECID2001 | C154: =INDEX(Active!J:J, MATCH(Spearmans2!B154, Active!F:F,0),1) -> Deciduous Forest Percentage | D154: =INDEX(Active!B:B, MATCH(Spearmans2!B154, Active!F:F,0),1) -> Natural | E154: =INDEX(Active!D:D, MATCH(Spearmans2!B154, Active!F:F,0),1) -> Land Cover | F154: =INDEX(Active!K:K, MATCH(Spearmans2!B154, Active!F:F,0),1) -> % of AOI area classified as deciduous forest land cover (NLCD class 41) | G154: Deciduous Forest Percentage | H154: Natural | I154: Land Cover | J154: % of AOI area classified as deciduous forest land cover (NLCD class 41) | K154: PCTMXFST2001WS | L154: =IF(RIGHT(K154,2)="WS", LEFT(K154,LEN(K154)-2),K154) -> PCTMXFST2001 | M154: =INDEX(Active!J:J, MATCH(Spearmans2!L154, Active!F:F,0),1) -> Mixed Deciduous/Evergreen Forest Percentage | N154: =INDEX(Active!B:B, MATCH(Spearmans2!L154, Active!F:F,0),1) -> Natural | O154: =INDEX(Active!K:K, MATCH(Spearmans2!L154, Active!F:F,0),1) -> % of AOI area classified as mixed deciduous/evergreen forest land cover (NLCD class 43) | P154: Mixed Deciduous/Evergreen Forest Percentage | Q154: Natural | R154: % of AOI area classified as mixed deciduous/evergreen forest land cover (NLCD class 43) | S154: 0.8038412
A155: PCTFIRE2002WS | B155: =IF(RIGHT(A155,2)="WS", LEFT(A155,LEN(A155)-2),A155) -> PCTFIRE2002 | C155: =INDEX(Active!J:J, MATCH(Spearmans2!B155, Active!F:F,0),1) -> Forest Fire Loss | D155: =INDEX(Active!B:B, MATCH(Spearmans2!B155, Active!F:F,0),1) -> Natural | E155: =INDEX(Active!D:D, MATCH(Spearmans2!B155, Active!F:F,0),1) -> Wildfire | F155: =INDEX(Active!K:K, MATCH(Spearmans2!B155, Active!F:F,0),1) -> % Forest loss to fire (fire perimeter) within AOI | G155: Forest Fire Loss | H155: Natural | I155: Wildfire | J155: % Forest loss to fire (fire perimeter) within AOI | K155: PCTUNDSEV2002WS | L155: =IF(RIGHT(K155,2)="WS", LEFT(K155,LEN(K155)-2),K155) -> PCTUNDSEV2002 | M155: =INDEX(Active!J:J, MATCH(Spearmans2!L155, Active!F:F,0),1) -> Percent Underburned to Low Burn Severity Class For Year | N155: =INDEX(Active!B:B, MATCH(Spearmans2!L155, Active!F:F,0),1) -> Natural | O155: =INDEX(Active!K:K, MATCH(Spearmans2!L155, Active!F:F,0),1) -> % of AOI in each burn severity class for wildfires for each year for 1984-2018 | P155: Percent Underburned to Low Burn Severity Class For Year | Q155: Natural | R155: % of AOI in each burn severity class for wildfires for each year for 1984-2018 | S155: 0.85833138
A156: PCTFIRE2002WS | B156: =IF(RIGHT(A156,2)="WS", LEFT(A156,LEN(A156)-2),A156) -> PCTFIRE2002 | C156: =INDEX(Active!J:J, MATCH(Spearmans2!B156, Active!F:F,0),1) -> Forest Fire Loss | D156: =INDEX(Active!B:B, MATCH(Spearmans2!B156, Active!F:F,0),1) -> Natural | E156: =INDEX(Active!D:D, MATCH(Spearmans2!B156, Active!F:F,0),1) -> Wildfire | F156: =INDEX(Active!K:K, MATCH(Spearmans2!B156, Active!F:F,0),1) -> % Forest loss to fire (fire perimeter) within AOI | G156: Forest Fire Loss | H156: Natural | I156: Wildfire | J156: % Forest loss to fire (fire perimeter) within AOI | K156: PCTBURNAREA2002WS | L156: =IF(RIGHT(K156,2)="WS", LEFT(K156,LEN(K156)-2),K156) -> PCTBURNAREA2002 | M156: =INDEX(Active!J:J, MATCH(Spearmans2!L156, Active!F:F,0),1) -> Wildfire Burn Percent 1984-2018 | N156: =INDEX(Active!B:B, MATCH(Spearmans2!L156, Active!F:F,0),1) -> Natural | O156: =INDEX(Active!K:K, MATCH(Spearmans2!L156, Active!F:F,0),1) -> Mean % of AOI burned from wildfires for each year for 1984-2018 | P156: Wildfire Burn Percent 1984-2018 | Q156: Natural | R156: Mean % of AOI burned from wildfires for each year for 1984-2018 | S156: 0.85881158
... A186: PCTMXFST2001WS | B186: =IF(RIGHT(A186,2)="WS", LEFT(A186,LEN(A186)-2),A186) -> PCTMXFST2001 | C186: =INDEX(Active!J:J, MATCH(Spearmans2!B186, Active!F:F,0),1) -> Mixed Deciduous/Evergreen Forest Percentage | D186: =INDEX(Active!B:B, MATCH(Spearmans2!B186, Active!F:F,0),1) -> Natural | E186: =INDEX(Active!D:D, MATCH(Spearmans2!B186, Active!F:F,0),1) -> Land Cover | F186: =INDEX(Active!K:K, MATCH(Spearmans2!B186, Active!F:F,0),1) -> % of AOI area classified as mixed deciduous/evergreen forest land cover (NLCD class 43) | G186: Mixed Deciduous/Evergreen Forest Percentage | H186: Natural | I186: Land Cover | J186: % of AOI area classified as mixed deciduous/evergreen forest land cover (NLCD class 43) | K186: TMIN8110WS | L186: =IF(RIGHT(K186,2)="WS", LEFT(K186,LEN(K186)-2),K186) -> TMIN8110 | M186: =INDEX(Active!J:J, MATCH(Spearmans2!L186, Active!F:F,0),1) -> 30-year Average Annual Normal Minimum Air Temperature | N186: =INDEX(Active!B:B, MATCH(Spearmans2!L186, Active!F:F,0),1) -> Natural | O186: =INDEX(Active!K:K, MATCH(Spearmans2!L186, Active!F:F,0),1) -> PRISM climate data - 30-year normal minimum temperature (CÂ°): Annual period: 1981-2010 within the AOI | P186: 30-year Average Annual Normal Minimum Air Temperature | Q186: Natural | R186: PRISM climate data - 30-year normal minimum temperature (CÂ°): Annual period: 1981-2010 within the AOI | S186: 0.81372865
A187: PCTNONCARBRESIDWS | B187: =IF(RIGHT(A187,2)="WS", LEFT(A187,LEN(A187)-2),A187) -> PCTNONCARBRESID | C187: =INDEX(Active!J:J, MATCH(Spearmans2!B187, Active!F:F,0),1) -> Non-Carbonate Residual Material | D187: =INDEX(Active!B:B, MATCH(Spearmans2!B187, Active!F:F,0),1) -> Natural | E187: =INDEX(Active!D:D, MATCH(Spearmans2!B187, Active!F:F,0),1) -> Lithology | F187: =INDEX(Active!K:K, MATCH(Spearmans2!B187, Active!F:F,0),1) -> % of AOI area classified as lithology type: non-carbonate residual material | G187: Non-Carbonate Residual Material | H187: Natural | I187: Lithology | J187: % of AOI area classified as lithology type: non-carbonate residual material | K187: PCT_EROD | L187: =IF(RIGHT(K187,2)="WS", LEFT(K187,LEN(K187)-2),K187) -> PCT_EROD | M187: =INDEX(Active!J:J, MATCH(Spearmans2!L187, Active!F:F,0),1) -> #N/A | N187: =INDEX(Active!B:B, MATCH(Spearmans2!L187, Active!F:F,0),1) -> #N/A | O187: =INDEX(Active!K:K, MATCH(Spearmans2!L187, Active!F:F,0),1) -> #N/A | P187: #N/A | Q187: #N/A | R187: #N/A | S187: 0.85567484
A188: PCTSILICICWS | B188: =IF(RIGHT(A188,2)="WS", LEFT(A188,LEN(A188)-2),A188) -> PCTSILICIC | C188: =INDEX(Active!J:J, MATCH(Spearmans2!B188, Active!F:F,0),1) -> Silicic Residual Material | D188: =INDEX(Active!B:B, MATCH(Spearmans2!B188, Active!F:F,0),1) -> Natural | E188: =INDEX(Active!D:D, MATCH(Spearmans2!B188, Active!F:F,0),1) -> Lithology | F188: =INDEX(Active!K:K, MATCH(Spearmans2!B188, Active!F:F,0),1) -> % of AOI area classified as lithology type: silicic residual material | G188: Silicic Residual Material | H188: Natural | I188: Lithology | J188: % of AOI area classified as lithology type: silicic residual material | K188: PCT_EROD | L188: =IF(RIGHT(K188,2)="WS", LEFT(K188,LEN(K188)-2),K188) -> PCT_EROD | M188: =INDEX(Active!J:J, MATCH(Spearmans2!L188, Active!F:F,0),1) -> #N/A | N188: =INDEX(Active!B:B, MATCH(Spearmans2!L188, Active!F:F,0),1) -> #N/A | O188: =INDEX(Active!K:K, MATCH(Spearmans2!L188, Active!F:F,0),1) -> #N/A | P188: #N/A | Q188: #N/A | R188: #N/A | S188: -0.83093273
A189: PCTUNDSEV2002WS | B189: =IF(RIGHT(A189,2)="WS", LEFT(A189,LEN(A189)-2),A189) -> PCTUNDSEV2002 | C189: =INDEX(Active!J:J, MATCH(Spearmans2!B189, Active!F:F,0),1) -> Percent Underburned to Low Burn Severity Class For Year | D189: =INDEX(Active!B:B, MATCH(Spearmans2!B189, Active!F:F,0),1) -> Natural | E189: =INDEX(Active!D:D, MATCH(Spearmans2!B189, Active!F:F,0),1) -> Wildfire | F189: =INDEX(Active!K:K, MATCH(Spearmans2!B189, Active!F:F,0),1) -> % of AOI in each burn severity class for wildfires for each year for 1984-2018 | G189: Percent Underburned to Low Burn Severity Class For Year | H189: Natural | I189: Wildfire | J189: % of AOI in each burn severity class for wildfires for each year for 1984-2018 | K189: PCTFIRE2002WS | L189: =IF(RIGHT(K189,2)="WS", LEFT(K189,LEN(K189)-2),K189) -> PCTFIRE2002 | M189: =INDEX(Active!J:J, MATCH(Spearmans2!L189, Active!F:F,0),1) -> Forest Fire Loss | N189: =INDEX(Active!B:B, MATCH(Spearmans2!L189, Active!F:F,0),1) -> Natural | O189: =INDEX(Active!K:K, MATCH(Spearmans2!L189, Active!F:F,0),1) -> % Forest loss to fire (fire perimeter) within AOI | P189: Forest Fire Loss | Q189: Natural | R189: % Forest loss to fire (fire perimeter) within AOI | S189: 0.85833138
A190: PCTUNDSEV2002WS | B190: =IF(RIGHT(A190,2)="WS", LEFT(A190,LEN(A190)-2),A190) -> PCTUNDSEV2002 | C190: =INDEX(Active!J:J, MATCH(Spearmans2!B190, Active!F:F,0),1) -> Percent Underburned to Low Burn Severity Class For Year | D190: =INDEX(Active!B:B, MATCH(Spearmans2!B190, Active!F:F,0),1) -> Natural | E190: =INDEX(Active!D:D, MATCH(Spearmans2!B190, Active!F:F,0),1) -> Wildfire | F190: =INDEX(Active!K:K, MATCH(Spearmans2!B190, Active!F:F,0),1) -> % of AOI in each burn severity class for wildfires for each year for 1984-2018 | G190: Percent Underburned to Low Burn Severity Class For Year | H190: Natural | I190: Wildfire | J190: % of AOI in each burn severity class for wildfires for each year for 1984-2018 | K190: PCTHIGHSEV2002WS | L190: =IF(RIGHT(K190,2)="WS", LEFT(K190,LEN(K190)-2),K190) -> PCTHIGHSEV2002 | M190: =INDEX(Active!J:J, MATCH(Spearmans2!L190, Active!F:F,0),1) -> Percent High Burn Severity Class For Year | N190: =INDEX(Active!B:B, MATCH(Spearmans2!L190, Active!F:F,0),1) -> Natural | O190: =INDEX(Active!K:K, MATCH(Spearmans2!L190, Active!F:F,0),1) -> % of AOI in each burn severity class for wildfires for each year for 1984-2018 | P190: Percent High Burn Severity Class For Year | Q190: Natural | R190: % of AOI in each burn severity class for wildfires for each year for 1984-2018 | S190: 0.87024495
A191: PCTUNDSEV2002WS | B191: =IF(RIGHT(A191,2)="WS", LEFT(A191,LEN(A191)-2),A191) -> PCTUNDSEV2002 | C191: =INDEX(Active!J:J, MATCH(Spearmans2!B191, Active!F:F,0),1) -> Percent Underburned to Low Burn Severity Class For Year | D191: =INDEX(Active!B:B, MATCH(Spearmans2!B191, Active!F:F,0),1) -> Natural | E191: =INDEX(Active!D:D, MATCH(Spearmans2!B191, Active!F:F,0),1) -> Wildfire | F191: =INDEX(Active!K:K, MATCH(Spearmans2!B191, Active!F:F,0),1) -> % of AOI in each burn severity class for wildfires for each year for 1984-2018 | G191: Percent Underburned to Low Burn Severity Class For Year | H191: Natural | I191: Wildfire | J191: % of AOI in each burn severity class for wildfires for each year for 1984-2018 | K191: PCTMODSEV2002WS | L191: =IF(RIGHT(K191,2)="WS", LEFT(K191,LEN(K191)-2),K191) -> PCTMODSEV2002 | M191: =INDEX(Active!J:J, MATCH(Spearmans2!L191, Active!F:F,0),1) -> Percent Moderate Burn Severity Class For Year | N191: =INDEX(Active!B:B, MATCH(Spearmans2!L191, Active!F:F,0),1) -> Natural | O191: =INDEX(Active!K:K, MATCH(Spearmans2!L191, Active!F:F,0),1) -> % of AOI in each burn severity class for wildfires for each year for 1984-2018 | P191: Percent Moderate Burn Severity Class For Year | Q191: Natural | R191: % of AOI in each burn severity class for wildfires for each year for 1984-2018 | S191: 0.93211027
A192: PCTUNDSEV2002WS | B192: =IF(RIGHT(A192,2)="WS", LEFT(A192,LEN(A192)-2),A192) -> PCTUNDSEV2002 | C192: =INDEX(Active!J:J, MATCH(Spearmans2!B192, Active!F:F,0),1) -> Percent Underburned to Low Burn Severity Class For Year | D192: =INDEX(Active!B:B, MATCH(Spearmans2!B192, Active!F:F,0),1) -> Natural | E192: =INDEX(Active!D:D, MATCH(Spearmans2!B192, Active!F:F,0),1) -> Wildfire | F192: =INDEX(Active!K:K, MATCH(Spearmans2!B192, Active!F:F,0),1) -> % of AOI in each burn severity class for wildfires for each year for 1984-2018 | G192: Percent Underburned to Low Burn Severity Class For Year | H192: Natural | I192: Wildfire | J192: % of AOI in each burn severity class for wildfires for each year for 1984-2018 | K192: PCTLOWSEV2002WS | L192: =IF(RIGHT(K192,2)="WS", LEFT(K192,LEN(K192)-2),K192) -> PCTLOWSEV2002 | M192: =INDEX(Active!J:J, MATCH(Spearmans2!L192, Active!F:F,0),1) -> Percent Low Burn Severity Class For Year | N192: =INDEX(Active!B:B, MATCH(Spearmans2!L192, Active!F:F,0),1) -> Natural | O192: =INDEX(Active!K:K, MATCH(Spearmans2!L192, Active!F:F,0),1) -> % of AOI in each burn severity class for wildfires for each year for 1984-2018 | P192: Percent Low Burn Severity Class For Year | Q192: Natural | R192: % of AOI in each burn severity class for wildfires for each year for 1984-2018 | S192: 0.99061115
A193: PCTUNDSEV2002WS | B193: =IF(RIGHT(A193,2)="WS", LEFT(A193,LEN(A193)-2),A193) -> PCTUNDSEV2002 | C193: =INDEX(Active!J:J, MATCH(Spearmans2!B193, Active!F:F,0),1) -> Percent Underburned to Low Burn Severity Class For Year | D193: =INDEX(Active!B:B, MATCH(Spearmans2!B193, Active!F:F,0),1) -> Natural | E193: =INDEX(Active!D:D, MATCH(Spearmans2!B193, Active!F:F,0),1) -> Wildfire | F193: =INDEX(Active!K:K, MATCH(Spearmans2!B193, Active!F:F,0),1) -> % of AOI in each burn severity class for wildfires for each year for 1984-2018 | G193: Percent Underburned to Low Burn Severity Class For Year | H193: Natural | I193: Wildfire | J193: % of AOI in each burn severity class for wildfires for each year for 1984-2018 | K193: PCTBURNAREA2002WS | L193: =IF(RIGHT(K193,2)="WS", LEFT(K193,LEN(K193)-2),K193) -> PCTBURNAREA2002 | M193: =INDEX(Active!J:J, MATCH(Spearmans2!L193, Active!F:F,0),1) -> Wildfire Burn Percent 1984-2018 | N193: =INDEX(Active!B:B, MATCH(Spearmans2!L193, Active!F:F,0),1) -> Natural | O193: =INDEX(Active!K:K, MATCH(Spearmans2!L193, Active!F:F,0),1) -> Mean % of AOI burned from wildfires for each year for 1984-2018 | P193: Wildfire Burn Percent 1984-2018 | Q193: Natural | R193: Mean % of AOI burned from wildfires for each year for 1984-2018 | S193: 0.99981548
A194: PCTURBLO2001WS | B194: =IF(RIGHT(A194,2)="WS", LEFT(A194,LEN(A194)-2),A194) -> PCTURBLO2001 | C194: =INDEX(Active!J:J, MATCH(Spearmans2!B194, Active!F:F,0),1) -> Developed, Low Intensity Land Use Percentage | D194: =INDEX(Active!B:B, MATCH(Spearmans2!B194, Active!F:F,0),1) -> Anthropogenic | E194: =INDEX(Active!D:D, MATCH(Spearmans2!B194, Active!F:F,0),1) -> Land Cover | F194: =INDEX(Active!K:K, MATCH(Spearmans2!B194, Active!F:F,0),1) -> % of AOI area classified as developed, low-intensity land use (NLCD class 22) | G194: Developed, Low Intensity Land Use Percentage | H194: Anthropogenic | I194: Land Cover | J194: % of AOI area classified as developed, low-intensity land use (NLCD class 22) | K194: PCTURBMD2001WS | L194: =IF(RIGHT(K194,2)="WS", LEFT(K194,LEN(K194)-2),K194) -> PCTURBMD2001 | M194: =INDEX(Active!J:J, MATCH(Spearmans2!L194, Active!F:F,0),1) -> Developed, Medium Intensity Land Use Percentage | N194: =INDEX(Active!B:B, MATCH(Spearmans2!L194, Active!F:F,0),1) -> Anthropogenic | O194: =INDEX(Active!K:K, MATCH(Spearmans2!L194, Active!F:F,0),1) -> % of AOI area classified as developed, medium-intensity land use (NLCD class 23) | P194: Developed, Medium Intensity Land Use Percentage | Q194: Anthropogenic | R194: % of AOI area classified as developed, medium-intensity land use (NLCD class 23) | S194: 0.83549769
A195: PCTURBMD2001WS | B195: =IF(RIGHT(A195,2)="WS", LEFT(A195,LEN(A195)-2),A195) -> PCTURBMD2001 | C195: =INDEX(Active!J:J, MATCH(Spearmans2!B195, Active!F:F,0),1) -> Developed, Medium Intensity Land Use Percentage | D195: =INDEX(Active!B:B, MATCH(Spearmans2!B195, Active!F:F,0),1) -> Anthropogenic | E195: =INDEX(Active!D:D, MATCH(Spearmans2!B195, Active!F:F,0),1) -> Land Cover | F195: =INDEX(Active!K:K, MATCH(Spearmans2!B195, Active!F:F,0),1) -> % of AOI area classified as developed, medium-intensity land use (NLCD class 23) | G195: Developed, Medium Intensity Land Use Percentage | H195: Anthropogenic | I195: Land Cover | J195: % of AOI area classified as developed, medium-intensity land use (NLCD class 23) | K195: PCTURBLO2001WS | L195: =IF(RIGHT(K195,2)="WS", LEFT(K195,LEN(K195)-2),K195) -> PCTURBLO2001 | M195: =INDEX(Active!J:J, MATCH(Spearmans2!L195, Active!F:F,0),1) -> Developed, Low Intensity Land Use Percentage | N195: =INDEX(Active!B:B, MATCH(Spearmans2!L195, Active!F:F,0),1) -> Anthropogenic | O195: =INDEX(Active!K:K, MATCH(Spearmans2!L195, Active!F:F,0),1) -> % of AOI area classified as developed, low-intensity land use (NLCD class 22) | P195: Developed, Low Intensity Land Use Percentage | Q195: Anthropogenic | R195: % of AOI area classified as developed, low-intensity land use (NLCD class 22) | S195: 0.83549769
A196: PERMWS | B196: =IF(RIGHT(A196,2)="WS", LEFT(A196,LEN(A196)-2),A196) -> PERM | C196: =INDEX(Active!J:J, MATCH(Spearmans2!B196, Active!F:F,0),1) -> Mean Permeability | D196: =INDEX(Active!B:B, MATCH(Spearmans2!B196, Active!F:F,0),1) -> Natural | E196: =INDEX(Active!D:D, MATCH(Spearmans2!B196, Active!F:F,0),1) -> Lithology | F196: =INDEX(Active!K:K, MATCH(Spearmans2!B196, Active!F:F,0),1) -> Mean permeability (cm/hour) of soils (STATSGO) within AOI | G196: Mean Permeability | H196: Natural | I196: Lithology | J196: Mean permeability (cm/hour) of soils (STATSGO) within AOI | K196: CLAYWS | L196: =IF(RIGHT(K196,2)="WS", LEFT(K196,LEN(K196)-2),K196) -> CLAY | M196: =INDEX(Active!J:J, MATCH(Spearmans2!L196, Active!F:F,0),1) -> Clay Mean | N196: =INDEX(Active!B:B, MATCH(Spearmans2!L196, Active!F:F,0),1) -> Natural | O196: =INDEX(Active!K:K, MATCH(Spearmans2!L196, Active!F:F,0),1) -> Mean % clay content of soils (STATSGO) within AOI | P196: Clay Mean | Q196: Natural | R196: Mean % clay content of soils (STATSGO) within AOI | S196: -0.81231022
A197: PERMWS | B197: =IF(RIGHT(A197,2)="WS", LEFT(A197,LEN(A197)-2),A197) -> PERM | C197: =INDEX(Active!J:J, MATCH(Spearmans2!B197, Active!F:F,0),1) -> Mean Permeability | D197: =INDEX(Active!B:B, MATCH(Spearmans2!B197, Active!F:F,0),1) -> Natural | E197: =INDEX(Active!D:D, MATCH(Spearmans2!B197, Active!F:F,0),1) -> Lithology | F197: =INDEX(Active!K:K, MATCH(Spearmans2!B197, Active!F:F,0),1) -> Mean permeability (cm/hour) of soils (STATSGO) within AOI | G197: Mean Permeability | H197: Natural | I197: Lithology | J197: Mean permeability (cm/hour) of soils (STATSGO) within AOI | K197: SANDWS | L197: =IF(RIGHT(K197,2)="WS", LEFT(K197,LEN(K197)-2),K197) -> SAND | M197: =INDEX(Active!J:J, MATCH(Spearmans2!L197, Active!F:F,0),1) -> Mean Sand Content | N197: =INDEX(Active!B:B, MATCH(Spearmans2!L197, Active!F:F,0),1) -> Natural | O197: =INDEX(Active!K:K, MATCH(Spearmans2!L197, Active!F:F,0),1) -> Mean % sand content of soils (STATSGO) within AOI | P197: Mean Sand Content | Q197: Natural | R197: Mean % sand content of soils (STATSGO) within AOI | S197: 0.84714675
A198: POPDEN2010WS | B198: =IF(RIGHT(A198,2)="WS", LEFT(A198,LEN(A198)-2),A198) -> POPDEN2010 | C198: =INDEX(Active!J:J, MATCH(Spearmans2!B198, Active!F:F,0),1) -> Mean Population Density | D198: =INDEX(Active!B:B, MATCH(Spearmans2!B198, Active!F:F,0),1) -> Anthropogenic | E198: =INDEX(Active!D:D, MATCH(Spearmans2!B198, Active!F:F,0),1) -> Urban | F198: =INDEX(Active!K:K, MATCH(Spearmans2!B198, Active!F:F,0),1) -> Mean populating density (people/square km) within AOI | G198: Mean Population Density | H198: Anthropogenic | I198: Urban | J198: Mean populating density (people/square km) within AOI | K198: HUDEN2010WS | L198: =IF(RIGHT(K198,2)="WS", LEFT(K198,LEN(K198)-2),K198) -> HUDEN2010 | M198: =INDEX(Active!J:J, MATCH(Spearmans2!L198, Active!F:F,0),1) -> Mean Housing Density | N198: =INDEX(Active!B:B, MATCH(Spearmans2!L198, Active!F:F,0),1) -> Anthropogenic | O198: =INDEX(Active!K:K, MATCH(Spearmans2!L198, Active!F:F,0),1) -> Mean housing unit density (housing units/square km) within AOI. | P198: Mean Housing Density | Q198: Anthropogenic | R198: Mean housing unit density (housing units/square km) within AOI. | S198: 0.97263131
A199: PRECIP_MINUS_EVTWS | B199: =IF(RIGHT(A199,2)="WS", LEFT(A199,LEN(A199)-2),A199) -> PRECIP_MINUS_EVT | C199: =INDEX(Active!J:J, MATCH(Spearmans2!B199, Active!F:F,0),1) -> Surplus Precipitation | D199: =INDEX(Active!B:B, MATCH(Spearmans2!B199, Active!F:F,0),1) -> Natural | E199: =INDEX(Active!D:D, MATCH(Spearmans2!B199, Active!F:F,0),1) -> Climate | F199: =INDEX(Active!K:K, MATCH(Spearmans2!B199, Active!F:F,0),1) -> This dataset represents surplus precipitation (mm): precipitation minus potential evaporation described in DOI: 10.1016/j.scitotenv.2020.137661 within individual, local NHDPlusV2 catchments and upstream, contributing watersheds. | G199: Surplus Precipitation | H199: Natural | I199: Climate | J199: This dataset represents surplus precipitation (mm): precipitation minus potential evaporation described in DOI: 10.1016/j.scitotenv.2020.137661 within individual, local NHDPlusV2 catchments and upstream, contributing watersheds. | K199: RUNOFFWS | L199: =IF(RIGHT(K199,2)="WS", LEFT(K199,LEN(K199)-2),K199) -> RUNOFF | M199: =INDEX(Active!J:J, MATCH(Spearmans2!L199, Active!F:F,0),1) -> Mean Runoff | N199: =INDEX(Active!B:B, MATCH(Spearmans2!L199, Active!F:F,0),1) -> Natural | O199: =INDEX(Active!K:K, MATCH(Spearmans2!L199, Active!F:F,0),1) -> Mean runoff (mm) within AOI | P199: Mean Runoff | Q199: Natural | R199: Mean runoff (mm) within AOI | S199: 0.82793287
A200: PRECIP_MINUS_EVTWS | B200: =IF(RIGHT(A200,2)="WS", LEFT(A200,LEN(A200)-2),A200) -> PRECIP_MINUS_EVT | C200: =INDEX(Active!J:J, MATCH(Spearmans2!B200, Active!F:F,0),1) -> Surplus Precipitation | D200: =INDEX(Active!B:B, MATCH(Spearmans2!B200, Active!F:F,0),1) -> Natural | E200: =INDEX(Active!D:D, MATCH(Spearmans2!B200, Active!F:F,0),1) -> Climate | F200: =INDEX(Active!K:K, MATCH(Spearmans2!B200, Active!F:F,0),1) -> This dataset represents surplus precipitation (mm): precipitation minus potential evaporation described in DOI: 10.1016/j.scitotenv.2020.137661 within individual, local NHDPlusV2 catchments and upstream, contributing watersheds. | G200: Surplus Precipitation | H200: Natural | I200: Climate | J200: This dataset represents surplus precipitation (mm): precipitation minus potential evaporation described in DOI: 10.1016/j.scitotenv.2020.137661 within individual, local NHDPlusV2 catchments and upstream, contributing watersheds. | K200: NH42008WS | L200: =IF(RIGHT(K200,2)="WS", LEFT(K200,LEN(K200)-2),K200) -> NH42008 | M200: =INDEX(Active!J:J, MATCH(Spearmans2!L200, Active!F:F,0),1) -> Mean annual Precipitation-Weighted NH4 Mean | N200: =INDEX(Active!B:B, MATCH(Spearmans2!L200, Active!F:F,0),1) -> Natural | O200: =INDEX(Active!K:K, MATCH(Spearmans2!L200, Active!F:F,0),1) -> Annual gradient map of precipitation-weighted mean deposition for ammonium ion concentration wet deposition for 2008 in kg of NH4/ha/yr, within AOI | P200: Mean annual Precipitation-Weighted NH4 Mean | Q200: Natural | R200: Annual gradient map of precipitation-weighted mean deposition for ammonium ion concentration wet deposition for 2008 in kg of NH4/ha/yr, within AOI | S200: 0.8479126
... A251: TEMPWS | B251: =IF(RIGHT(A251,2)="WS", LEFT(A251,LEN(A251)-2),A251) -> TEMP | C251: =INDEX(Active!J:J, MATCH(Spearmans2!B251, Active!F:F,0),1) -> TEMP | D251: =INDEX(Active!B:B, MATCH(Spearmans2!B251, Active!F:F,0),1) -> Anthropogenic | E251: =INDEX(Active!D:D, MATCH(Spearmans2!B251, Active!F:F,0),1) -> IWI | F251: =INDEX(Active!K:K, MATCH(Spearmans2!B251, Active!F:F,0),1) -> Temperature regulation component score calculated using AOI metrics | G251: TEMP | H251: Anthropogenic | I251: IWI | J251: Temperature regulation component score calculated using AOI metrics | K251: CONNWS | L251: =IF(RIGHT(K251,2)="WS", LEFT(K251,LEN(K251)-2),K251) -> CONN | M251: =INDEX(Active!J:J, MATCH(Spearmans2!L251, Active!F:F,0),1) -> CONN | N251: =INDEX(Active!B:B, MATCH(Spearmans2!L251, Active!F:F,0),1) -> Anthropogenic | O251: =INDEX(Active!K:K, MATCH(Spearmans2!L251, Active!F:F,0),1) -> Hydrologic connectivity component score calculated using AOI metrics | P251: CONN | Q251: Anthropogenic | R251: Hydrologic connectivity component score calculated using AOI metrics | S251: 0.95113691
A252: THALWEGDEPTH | B252: =IF(RIGHT(A252,2)="WS", LEFT(A252,LEN(A252)-2),A252) -> THALWEGDEPTH | C252: =INDEX(Active!J:J, MATCH(Spearmans2!B252, Active!F:F,0),1) -> #N/A | D252: =INDEX(Active!B:B, MATCH(Spearmans2!B252, Active!F:F,0),1) -> #N/A | E252: =INDEX(Active!D:D, MATCH(Spearmans2!B252, Active!F:F,0),1) -> #N/A | F252: =INDEX(Active!K:K, MATCH(Spearmans2!B252, Active!F:F,0),1) -> #N/A | G252: #N/A | H252: #N/A | I252: #N/A | J252: #N/A | K252: NANIWS | L252: =IF(RIGHT(K252,2)="WS", LEFT(K252,LEN(K252)-2),K252) -> NANI | M252: =INDEX(Active!J:J, MATCH(Spearmans2!L252, Active!F:F,0),1) -> Anthropogenic Nitrogen | N252: =INDEX(Active!B:B, MATCH(Spearmans2!L252, Active!F:F,0),1) -> Anthropogenic | O252: =INDEX(Active!K:K, MATCH(Spearmans2!L252, Active!F:F,0),1) -> Net Anthropogenic Nitrogen within AOI: farm fertilizer + urban fertilizer + NOx deposition + CBNF + Human and Livestock food - crop N content - livestock N content | P252: Anthropogenic Nitrogen | Q252: Anthropogenic | R252: Net Anthropogenic Nitrogen within AOI: farm fertilizer + urban fertilizer + NOx deposition + CBNF + Human and Livestock food - crop N content - livestock N content | S252: 0.88083328
A253: THALWEGDEPTH | B253: =IF(RIGHT(A253,2)="WS", LEFT(A253,LEN(A253)-2),A253) -> THALWEGDEPTH | C253: =INDEX(Active!J:J, MATCH(Spearmans2!B253, Active!F:F,0),1) -> #N/A | D253: =INDEX(Active!B:B, MATCH(Spearmans2!B253, Active!F:F,0),1) -> #N/A | E253: =INDEX(Active!D:D, MATCH(Spearmans2!B253, Active!F:F,0),1) -> #N/A | F253: =INDEX(Active!K:K, MATCH(Spearmans2!B253, Active!F:F,0),1) -> #N/A | G253: #N/A | H253: #N/A | I253: #N/A | J253: #N/A | K253: NSURPWS | L253: =IF(RIGHT(K253,2)="WS", LEFT(K253,LEN(K253)-2),K253) -> NSURP | M253: =INDEX(Active!J:J, MATCH(Spearmans2!L253, Active!F:F,0),1) -> Nitrogen Surplus | N253: =INDEX(Active!B:B, MATCH(Spearmans2!L253, Active!F:F,0),1) -> Anthropogenic | O253: =INDEX(Active!K:K, MATCH(Spearmans2!L253, Active!F:F,0),1) -> Nitrogen Surplus (kg N / yr) per AOI - excluding biological N Fixation | P253: Nitrogen Surplus | Q253: Anthropogenic | R253: Nitrogen Surplus (kg N / yr) per AOI - excluding biological N Fixation | S253: 0.88821855
A254: THALWEGDEPTH | B254: =IF(RIGHT(A254,2)="WS", LEFT(A254,LEN(A254)-2),A254) -> THALWEGDEPTH | C254: =INDEX(Active!J:J, MATCH(Spearmans2!B254, Active!F:F,0),1) -> #N/A | D254: =INDEX(Active!B:B, MATCH(Spearmans2!B254, Active!F:F,0),1) -> #N/A | E254: =INDEX(Active!D:D, MATCH(Spearmans2!B254, Active!F:F,0),1) -> #N/A | F254: =INDEX(Active!K:K, MATCH(Spearmans2!B254, Active!F:F,0),1) -> #N/A | G254: #N/A | H254: #N/A | I254: #N/A | J254: #N/A | K254: BANKFULLDEPTH | L254: =IF(RIGHT(K254,2)="WS", LEFT(K254,LEN(K254)-2),K254) -> BANKFULLDEPTH | M254: =INDEX(Active!J:J, MATCH(Spearmans2!L254, Active!F:F,0),1) -> Predicted Bankfull Depth | N254: =INDEX(Active!B:B, MATCH(Spearmans2!L254, Active!F:F,0),1) -> Natural | O254: =INDEX(Active!K:K, MATCH(Spearmans2!L254, Active!F:F,0),1) -> Predicted bankfull depth: thalweg depth plus bankfull height, which is the height from the water surface to the bankfull stage | P254: Predicted Bankfull Depth | Q254: Natural | R254: Predicted bankfull depth: thalweg depth plus bankfull height, which is the height from the water surface to the bankfull stage | S254: 0.92610251
A255: THALWEGDEPTH | B255: =IF(RIGHT(A255,2)="WS", LEFT(A255,LEN(A255)-2),A255) -> THALWEGDEPTH | C255: =INDEX(Active!J:J, MATCH(Spearmans2!B255, Active!F:F,0),1) -> #N/A | D255: =INDEX(Active!B:B, MATCH(Spearmans2!B255, Active!F:F,0),1) -> #N/A | E255: =INDEX(Active!D:D, MATCH(Spearmans2!B255, Active!F:F,0),1) -> #N/A | F255: =INDEX(Active!K:K, MATCH(Spearmans2!B255, Active!F:F,0),1) -> #N/A | G255: #N/A | H255: #N/A | I255: #N/A | J255: #N/A | K255: BANKFULLWIDTH | L255: =IF(RIGHT(K255,2)="WS", LEFT(K255,LEN(K255)-2),K255) -> BANKFULLWIDTH | M255: =INDEX(Active!J:J, MATCH(Spearmans2!L255, Active!F:F,0),1) -> Predicted Bankfull Width | N255: =INDEX(Active!B:B, MATCH(Spearmans2!L255, Active!F:F,0),1) -> Natural | O255: =INDEX(Active!K:K, MATCH(Spearmans2!L255, Active!F:F,0),1) -> Predicted bankfull width: distance from left to right bank at bankfull stage where the potential water height would spill outside of the channel and into the floodplain | P255: Predicted Bankfull Width | Q255: Natural | R255: Predicted bankfull width: distance from left to right bank at bankfull stage where the potential water height would spill outside of the channel and into the floodplain | S255: 0.95847251
A256: THALWEGDEPTH | B256: =IF(RIGHT(A256,2)="WS", LEFT(A256,LEN(A256)-2),A256) -> THALWEGDEPTH | C256: =INDEX(Active!J:J, MATCH(Spearmans2!B256, Active!F:F,0),1) -> #N/A | D256: =INDEX(Active!B:B, MATCH(Spearmans2!B256, Active!F:F,0),1) -> #N/A | E256: =INDEX(Active!D:D, MATCH(Spearmans2!B256, Active!F:F,0),1) -> #N/A | F256: =INDEX(Active!K:K, MATCH(Spearmans2!B256, Active!F:F,0),1) -> #N/A | G256: #N/A | H256: #N/A | I256: #N/A | J256: #N/A | K256: WETTEDWIDTH | L256: =IF(RIGHT(K256,2)="WS", LEFT(K256,LEN(K256)-2),K256) -> WETTEDWIDTH | M256: =INDEX(Active!J:J, MATCH(Spearmans2!L256, Active!F:F,0),1) -> Predicted Wetted Width | N256: =INDEX(Active!B:B, MATCH(Spearmans2!L256, Active!F:F,0),1) -> Natural | O256: =INDEX(Active!K:K, MATCH(Spearmans2!L256, Active!F:F,0),1) -> Predicted wetted width: distance of the waters edge from left to right bank | P256: Predicted Wetted Width | Q256: Natural | R256: Predicted wetted width: distance of the waters edge from left to right bank | S256: 0.96508851
A257: TMAX8110WS | B257: =IF(RIGHT(A257,2)="WS", LEFT(A257,LEN(A257)-2),A257) -> TMAX8110 | C257: =INDEX(Active!J:J, MATCH(Spearmans2!B257, Active!F:F,0),1) -> 30-year Average Annual Normal Maximum Air Temperature | D257: =INDEX(Active!B:B, MATCH(Spearmans2!B257, Active!F:F,0),1) -> Natural | E257: =INDEX(Active!D:D, MATCH(Spearmans2!B257, Active!F:F,0),1) -> Climate | F257: =INDEX(Active!K:K, MATCH(Spearmans2!B257, Active!F:F,0),1) -> PRISM climate data - 30-year normal maximum temperature (CÂ°): Annual period: 1981-2010 within the AOI | G257: 30-year Average Annual Normal Maximum Air Temperature | H257: Natural | I257: Climate | J257: PRISM climate data - 30-year normal maximum temperature (CÂ°): Annual period: 1981-2010 within the AOI | K257: TMIN8110WS | L257: =IF(RIGHT(K257,2)="WS", LEFT(K257,LEN(K257)-2),K257) -> TMIN8110 | M257: =INDEX(Active!J:J, MATCH(Spearmans2!L257, Active!F:F,0),1) -> 30-year Average Annual Normal Minimum Air Temperature | N257: =INDEX(Active!B:B, MATCH(Spearmans2!L257, Active!F:F,0),1) -> Natural | O257: =INDEX(Active!K:K, MATCH(Spearmans2!L257, Active!F:F,0),1) -> PRISM climate data - 30-year normal minimum temperature (CÂ°): Annual period: 1981-2010 within the AOI | P257: 30-year Average Annual Normal Minimum Air Temperature | Q257: Natural | R257: PRISM climate data - 30-year normal minimum temperature (CÂ°): Annual period: 1981-2010 within the AOI | S257: 0.8242607
A258: TMAX8110WS | B258: =IF(RIGHT(A258,2)="WS", LEFT(A258,LEN(A258)-2),A258) -> TMAX8110 | C258: =INDEX(Active!J:J, MATCH(Spearmans2!B258, Active!F:F,0),1) -> 30-year Average Annual Normal Maximum Air Temperature | D258: =INDEX(Active!B:B, MATCH(Spearmans2!B258, Active!F:F,0),1) -> Natural | E258: =INDEX(Active!D:D, MATCH(Spearmans2!B258, Active!F:F,0),1) -> Climate | F258: =INDEX(Active!K:K, MATCH(Spearmans2!B258, Active!F:F,0),1) -> PRISM climate data - 30-year normal maximum temperature (CÂ°): Annual period: 1981-2010 within the AOI | G258: 30-year Average Annual Normal Maximum Air Temperature | H258: Natural | I258: Climate | J258: PRISM climate data - 30-year normal maximum temperature (CÂ°): Annual period: 1981-2010 within the AOI | K258: TMIN9120WS | L258: =IF(RIGHT(K258,2)="WS", LEFT(K258,LEN(K258)-2),K258) -> TMIN9120 | M258: =INDEX(Active!J:J, MATCH(Spearmans2!L258, Active!F:F,0),1) -> 30-year Average Annual Normal Minimum Air Temperature | N258: =INDEX(Active!B:B, MATCH(Spearmans2!L258, Active!F:F,0),1) -> Natural | O258: =INDEX(Active!K:K, MATCH(Spearmans2!L258, Active!F:F,0),1) -> PRISM climate data - 30-year normal minimum temperature (CÂ°): Annual period: 1991-2020 within the AOI | P258: 30-year Average Annual Normal Minimum Air Temperature | Q258: Natural | R258: PRISM climate data - 30-year normal minimum temperature (CÂ°): Annual period: 1991-2020 within the AOI | S258: 0.82902909
A259: TMAX8110WS | B259: =IF(RIGHT(A259,2)="WS", LEFT(A259,LEN(A259)-2),A259) -> TMAX8110 | C259: =INDEX(Active!J:J, MATCH(Spearmans2!B259, Active!F:F,0),1) -> 30-year Average Annual Normal Maximum Air Temperature | D259: =INDEX(Active!B:B, MATCH(Spearmans2!B259, Active!F:F,0),1) -> Natural | E259: =INDEX(Active!D:D, MATCH(Spearmans2!B259, Active!F:F,0),1) -> Climate | F259: =INDEX(Active!K:K, MATCH(Spearmans2!B259, Active!F:F,0),1) -> PRISM climate data - 30-year normal maximum temperature (CÂ°): Annual period: 1981-2010 within the AOI | G259: 30-year Average Annual Normal Maximum Air Temperature | H259: Natural | I259: Climate | J259: PRISM climate data - 30-year normal maximum temperature (CÂ°): Annual period: 1981-2010 within the AOI | K259: MAST2008 | L259: =IF(RIGHT(K259,2)="WS", LEFT(K259,LEN(K259)-2),K259) -> MAST2008 | M259: =INDEX(Active!J:J, MATCH(Spearmans2!L259, Active!F:F,0),1) -> Mean Annual Stream Temp | N259: =INDEX(Active!B:B, MATCH(Spearmans2!L259, Active!F:F,0),1) -> Natural | O259: =INDEX(Active!K:K, MATCH(Spearmans2!L259, Active!F:F,0),1) -> Predicted mean annual stream temperature (Jan-Dec) for year 2008, 2009, 2013, 2014 | P259: Mean Annual Stream Temp | Q259: Natural | R259: Predicted mean annual stream temperature (Jan-Dec) for year 2008, 2009, 2013, 2014 | S259: 0.87754139
A260: TMAX8110WS | B260: =IF(RIGHT(A260,2)="WS", LEFT(A260,LEN(A260)-2),A260) -> TMAX8110 | C260: =INDEX(Active!J:J, MATCH(Spearmans2!B260, Active!F:F,0),1) -> 30-year Average Annual Normal Maximum Air Temperature | D260: =INDEX(Active!B:B, MATCH(Spearmans2!B260, Active!F:F,0),1) -> Natural | E260: =INDEX(Active!D:D, MATCH(Spearmans2!B260, Active!F:F,0),1) -> Climate | F260: =INDEX(Active!K:K, MATCH(Spearmans2!B260, Active!F:F,0),1) -> PRISM climate data - 30-year normal maximum temperature (CÂ°): Annual period: 1981-2010 within the AOI | G260: 30-year Average Annual Normal Maximum Air Temperature | H260: Natural | I260: Climate | J260: PRISM climate data - 30-year normal maximum temperature (CÂ°): Annual period: 1981-2010 within the AOI | K260: TMEAN8110WS | L260: =IF(RIGHT(K260,2)="WS", LEFT(K260,LEN(K260)-2),K260) -> TMEAN8110 | M260: =INDEX(Active!J:J, MATCH(Spearmans2!L260, Active!F:F,0),1) -> 30-year Mean Annual Air Temperature | N260: =INDEX(Active!B:B, MATCH(Spearmans2!L260, Active!F:F,0),1) -> Natural | O260: =INDEX(Active!K:K, MATCH(Spearmans2!L260, Active!F:F,0),1) -> PRISM climate data - 30-year normal mean temperature (CÂ°): Annual period: 1981-2010 within the AOI | P260: 30-year Mean Annual Air Temperature | Q260: Natural | R260: PRISM climate data - 30-year normal mean temperature (CÂ°): Annual period: 1981-2010 within the AOI | S260: 0.94738254
A261: TMAX8110WS | B261: =IF(RIGHT(A261,2)="WS", LEFT(A261,LEN(A261)-2),A261) -> TMAX8110 | C261: =INDEX(Active!J:J, MATCH(Spearmans2!B261, Active!F:F,0),1) -> 30-year Average Annual Normal Maximum Air Temperature | D261: =INDEX(Active!B:B, MATCH(Spearmans2!B261, Active!F:F,0),1) -> Natural | E261: =INDEX(Active!D:D, MATCH(Spearmans2!B261, Active!F:F,0),1) -> Climate | F261: =INDEX(Active!K:K, MATCH(Spearmans2!B261, Active!F:F,0),1) -> PRISM climate data - 30-year normal maximum temperature (CÂ°): Annual period: 1981-2010 within the AOI | G261: 30-year Average Annual Normal Maximum Air Temperature | H261: Natural | I261: Climate | J261: PRISM climate data - 30-year normal maximum temperature (CÂ°): Annual period: 1981-2010 within the AOI | K261: TMEAN9120WS | L261: =IF(RIGHT(K261,2)="WS", LEFT(K261,LEN(K261)-2),K261) -> TMEAN9120 | M261: =INDEX(Active!J:J, MATCH(Spearmans2!L261, Active!F:F,0),1) -> 30-year Mean Annual Air Temperature | N261: =INDEX(Active!B:B, MATCH(Spearmans2!L261, Active!F:F,0),1) -> Natural | O261: =INDEX(Active!K:K, MATCH(Spearmans2!L261, Active!F:F,0),1) -> PRISM climate data - 30-year normal mean temperature (CÂ°): Annual period: 1991-2020 within the AOI | P261: 30-year Mean Annual Air Temperature | Q261: Natural | R261: PRISM climate data - 30-year normal mean temperature (CÂ°): Annual period: 1991-2020 within the AOI | S261: 0.94790979
A262: TMAX8110WS | B262: =IF(RIGHT(A262,2)="WS", LEFT(A262,LEN(A262)-2),A262) -> TMAX8110 | C262: =INDEX(Active!J:J, MATCH(Spearmans2!B262, Active!F:F,0),1) -> 30-year Average Annual Normal Maximum Air Temperature | D262: =INDEX(Active!B:B, MATCH(Spearmans2!B262, Active!F:F,0),1) -> Natural | E262: =INDEX(Active!D:D, MATCH(Spearmans2!B262, Active!F:F,0),1) -> Climate | F262: =INDEX(Active!K:K, MATCH(Spearmans2!B262, Active!F:F,0),1) -> PRISM climate data - 30-year normal maximum temperature (CÂ°): Annual period: 1981-2010 within the AOI | G262: 30-year Average Annual Normal Maximum Air Temperature | H262: Natural | I262: Climate | J262: PRISM climate data - 30-year normal maximum temperature (CÂ°): Annual period: 1981-2010 within the AOI | K262: TMEAN2008WS | L262: =IF(RIGHT(K262,2)="WS", LEFT(K262,LEN(K262)-2),K262) -> TMEAN2008 | M262: =INDEX(Active!J:J, MATCH(Spearmans2!L262, Active!F:F,0),1) -> Mean Air Temperature | N262: =INDEX(Active!B:B, MATCH(Spearmans2!L262, Active!F:F,0),1) -> Natural | O262: =INDEX(Active!K:K, MATCH(Spearmans2!L262, Active!F:F,0),1) -> PRISM climate data - Mean temperature (°C) within the AOI. Period: 2008 and 2009 | P262: Mean Air Temperature | Q262: Natural | R262: PRISM climate data - Mean temperature (°C) within the AOI. Period: 2008 and 2009 | S262: 0.94884155
A263: TMAX8110WS | B263: =IF(RIGHT(A263,2)="WS", LEFT(A263,LEN(A263)-2),A263) -> TMAX8110 | C263: =INDEX(Active!J:J, MATCH(Spearmans2!B263, Active!F:F,0),1) -> 30-year Average Annual Normal Maximum Air Temperature | D263: =INDEX(Active!B:B, MATCH(Spearmans2!B263, Active!F:F,0),1) -> Natural | E263: =INDEX(Active!D:D, MATCH(Spearmans2!B263, Active!F:F,0),1) -> Climate | F263: =INDEX(Active!K:K, MATCH(Spearmans2!B263, Active!F:F,0),1) -> PRISM climate data - 30-year normal maximum temperature (CÂ°): Annual period: 1981-2010 within the AOI | G263: 30-year Average Annual Normal Maximum Air Temperature | H263: Natural | I263: Climate | J263: PRISM climate data - 30-year normal maximum temperature (CÂ°): Annual period: 1981-2010 within the AOI | K263: TMAX9120WS | L263: =IF(RIGHT(K263,2)="WS", LEFT(K263,LEN(K263)-2),K263) -> TMAX9120 | M263: =INDEX(Active!J:J, MATCH(Spearmans2!L263, Active!F:F,0),1) -> 30-year Average Annual Normal Maximum Air Temperature | N263: =INDEX(Active!B:B, MATCH(Spearmans2!L263, Active!F:F,0),1) -> Natural | O263: =INDEX(Active!K:K, MATCH(Spearmans2!L263, Active!F:F,0),1) -> PRISM climate data - 30-year normal maximum temperature (CÂ°): Annual period: 1991-2020 within the AOI | P263: 30-year Average Annual Normal Maximum Air Temperature | Q263: Natural | R263: PRISM climate data - 30-year normal maximum temperature (CÂ°): Annual period: 1991-2020 within the AOI | S263: 0.99561081
A264: TMAX9120WS | B264: =IF(RIGHT(A264,2)="WS", LEFT(A264,LEN(A264)-2),A264) -> TMAX9120 | C264: =INDEX(Active!J:J, MATCH(Spearmans2!B264, Active!F:F,0),1) -> 30-year Average Annual Normal Maximum Air Temperature | D264: =INDEX(Active!B:B, MATCH(Spearmans2!B264, Active!F:F,0),1) -> Natural | E264: =INDEX(Active!D:D, MATCH(Spearmans2!B264, Active!F:F,0),1) -> Climate | F264: =INDEX(Active!K:K, MATCH(Spearmans2!B264, Active!F:F,0),1) -> PRISM climate data - 30-year normal maximum temperature (CÂ°): Annual period: 1991-2020 within the AOI | G264: 30-year Average Annual Normal Maximum Air Temperature | H264: Natural | I264: Climate | J264: PRISM climate data - 30-year normal maximum temperature (CÂ°): Annual period: 1991-2020 within the AOI | K264: TMIN8110WS | L264: =IF(RIGHT(K264,2)="WS", LEFT(K264,LEN(K264)-2),K264) -> TMIN8110 | M264: =INDEX(Active!J:J, MATCH(Spearmans2!L264, Active!F:F,0),1) -> 30-year Average Annual Normal Minimum Air Temperature | N264: =INDEX(Active!B:B, MATCH(Spearmans2!L264, Active!F:F,0),1) -> Natural | O264: =INDEX(Active!K:K, MATCH(Spearmans2!L264, Active!F:F,0),1) -> PRISM climate data - 30-year normal minimum temperature (CÂ°): Annual period: 1981-2010 within the AOI | P264: 30-year Average Annual Normal Minimum Air Temperature | Q264: Natural | R264: PRISM climate data - 30-year normal minimum temperature (CÂ°): Annual period: 1981-2010 within the AOI | S264: 0.80781328
A265: TMAX9120WS | B265: =IF(RIGHT(A265,2)="WS", LEFT(A265,LEN(A265)-2),A265) -> TMAX9120 | C265: =INDEX(Active!J:J, MATCH(Spearmans2!B265, Active!F:F,0),1) -> 30-year Average Annual Normal Maximum Air Temperature | D265: =INDEX(Active!B:B, MATCH(Spearmans2!B265, Active!F:F,0),1) -> Natural | E265: =INDEX(Active!D:D, MATCH(Spearmans2!B265, Active!F:F,0),1) -> Climate | F265: =INDEX(Active!K:K, MATCH(Spearmans2!B265, Active!F:F,0),1) -> PRISM climate data - 30-year normal maximum temperature (CÂ°): Annual period: 1991-2020 within the AOI | G265: 30-year Average Annual Normal Maximum Air Temperature | H265: Natural | I265: Climate | J265: PRISM climate data - 30-year normal maximum temperature (CÂ°): Annual period: 1991-2020 within the AOI | K265: TMIN9120WS | L265: =IF(RIGHT(K265,2)="WS", LEFT(K265,LEN(K265)-2),K265) -> TMIN9120 | M265: =INDEX(Active!J:J, MATCH(Spearmans2!L265, Active!F:F,0),1) -> 30-year Average Annual Normal Minimum Air Temperature | N265: =INDEX(Active!B:B, MATCH(Spearmans2!L265, Active!F:F,0),1) -> Natural | O265: =INDEX(Active!K:K, MATCH(Spearmans2!L265, Active!F:F,0),1) -> PRISM climate data - 30-year normal minimum temperature (CÂ°): Annual period: 1991-2020 within the AOI | P265: 30-year Average Annual Normal Minimum Air Temperature | Q265: Natural | R265: PRISM climate data - 30-year normal minimum temperature (CÂ°): Annual period: 1991-2020 within the AOI | S265: 0.81390504
A266: TMAX9120WS | B266: =IF(RIGHT(A266,2)="WS", LEFT(A266,LEN(A266)-2),A266) -> TMAX9120 | C266: =INDEX(Active!J:J, MATCH(Spearmans2!B266, Active!F:F,0),1) -> 30-year Average Annual Normal Maximum Air Temperature | D266: =INDEX(Active!B:B, MATCH(Spearmans2!B266, Active!F:F,0),1) -> Natural | E266: =INDEX(Active!D:D, MATCH(Spearmans2!B266, Active!F:F,0),1) -> Climate | F266: =INDEX(Active!K:K, MATCH(Spearmans2!B266, Active!F:F,0),1) -> PRISM climate data - 30-year normal maximum temperature (CÂ°): Annual period: 1991-2020 within the AOI | G266: 30-year Average Annual Normal Maximum Air Temperature | H266: Natural | I266: Climate | J266: PRISM climate data - 30-year normal maximum temperature (CÂ°): Annual period: 1991-2020 within the AOI | K266: MAST2008 | L266: =IF(RIGHT(K266,2)="WS", LEFT(K266,LEN(K266)-2),K266) -> MAST2008 | M266: =INDEX(Active!J:J, MATCH(Spearmans2!L266, Active!F:F,0),1) -> Mean Annual Stream Temp | N266: =INDEX(Active!B:B, MATCH(Spearmans2!L266, Active!F:F,0),1) -> Natural | O266: =INDEX(Active!K:K, MATCH(Spearmans2!L266, Active!F:F,0),1) -> Predicted mean annual stream temperature (Jan-Dec) for year 2008, 2009, 2013, 2014 | P266: Mean Annual Stream Temp | Q266: Natural | R266: Predicted mean annual stream temperature (Jan-Dec) for year 2008, 2009, 2013, 2014 | S266: 0.87815354
A267: TMAX9120WS | B267: =IF(RIGHT(A267,2)="WS", LEFT(A267,LEN(A267)-2),A267) -> TMAX9120 | C267: =INDEX(Active!J:J, MATCH(Spearmans2!B267, Active!F:F,0),1) -> 30-year Average Annual Normal Maximum Air Temperature | D267: =INDEX(Active!B:B, MATCH(Spearmans2!B267, Active!F:F,0),1) -> Natural | E267: =INDEX(Active!D:D, MATCH(Spearmans2!B267, Active!F:F,0),1) -> Climate | F267: =INDEX(Active!K:K, MATCH(Spearmans2!B267, Active!F:F,0),1) -> PRISM climate data - 30-year normal maximum temperature (CÂ°): Annual period: 1991-2020 within the AOI | G267: 30-year Average Annual Normal Maximum Air Temperature | H267: Natural | I267: Climate | J267: PRISM climate data - 30-year normal maximum temperature (CÂ°): Annual period: 1991-2020 within the AOI | K267: TMEAN8110WS | L267: =IF(RIGHT(K267,2)="WS", LEFT(K267,LEN(K267)-2),K267) -> TMEAN8110 | M267: =INDEX(Active!J:J, MATCH(Spearmans2!L267, Active!F:F,0),1) -> 30-year Mean Annual Air Temperature | N267: =INDEX(Active!B:B, MATCH(Spearmans2!L267, Active!F:F,0),1) -> Natural | O267: =INDEX(Active!K:K, MATCH(Spearmans2!L267, Active!F:F,0),1) -> PRISM climate data - 30-year normal mean temperature (CÂ°): Annual period: 1981-2010 within the AOI | P267: 30-year Mean Annual Air Temperature | Q267: Natural | R267: PRISM climate data - 30-year normal mean temperature (CÂ°): Annual period: 1981-2010 within the AOI | S267: 0.93555899
A268: TMAX9120WS | B268: =IF(RIGHT(A268,2)="WS", LEFT(A268,LEN(A268)-2),A268) -> TMAX9120 | C268: =INDEX(Active!J:J, MATCH(Spearmans2!B268, Active!F:F,0),1) -> 30-year Average Annual Normal Maximum Air Temperature | D268: =INDEX(Active!B:B, MATCH(Spearmans2!B268, Active!F:F,0),1) -> Natural | E268: =INDEX(Active!D:D, MATCH(Spearmans2!B268, Active!F:F,0),1) -> Climate | F268: =INDEX(Active!K:K, MATCH(Spearmans2!B268, Active!F:F,0),1) -> PRISM climate data - 30-year normal maximum temperature (CÂ°): Annual period: 1991-2020 within the AOI | G268: 30-year Average Annual Normal Maximum Air Temperature | H268: Natural | I268: Climate | J268: PRISM climate data - 30-year normal maximum temperature (CÂ°): Annual period: 1991-2020 within the AOI | K268: TMEAN2008WS | L268: =IF(RIGHT(K268,2)="WS", LEFT(K268,LEN(K268)-2),K268) -> TMEAN2008 | M268: =INDEX(Active!J:J, MATCH(Spearmans2!L268, Active!F:F,0),1) -> Mean Air Temperature | N268: =INDEX(Active!B:B, MATCH(Spearmans2!L268, Active!F:F,0),1) -> Natural | O268: =INDEX(Active!K:K, MATCH(Spearmans2!L268, Active!F:F,0),1) -> PRISM climate data - Mean temperature (°C) within the AOI. Period: 2008 and 2009 | P268: Mean Air Temperature | Q268: Natural | R268: PRISM climate data - Mean temperature (°C) within the AOI. Period: 2008 and 2009 | S268: 0.94023702
... A333: WETTEDWIDTH | B333: =IF(RIGHT(A333,2)="WS", LEFT(A333,LEN(A333)-2),A333) -> WETTEDWIDTH | C333: =INDEX(Active!J:J, MATCH(Spearmans2!B333, Active!F:F,0),1) -> Predicted Wetted Width | D333: =INDEX(Active!B:B, MATCH(Spearmans2!B333, Active!F:F,0),1) -> Natural | E333: =INDEX(Active!D:D, MATCH(Spearmans2!B333, Active!F:F,0),1) -> Other | F333: =INDEX(Active!K:K, MATCH(Spearmans2!B333, Active!F:F,0),1) -> Predicted wetted width: distance of the waters edge from left to right bank | G333: Predicted Wetted Width | H333: Natural | I333: Other | J333: Predicted wetted width: distance of the waters edge from left to right bank | K333: BANKFULLDEPTH | L333: =IF(RIGHT(K333,2)="WS", LEFT(K333,LEN(K333)-2),K333) -> BANKFULLDEPTH | M333: =INDEX(Active!J:J, MATCH(Spearmans2!L333, Active!F:F,0),1) -> Predicted Bankfull Depth | N333: =INDEX(Active!B:B, MATCH(Spearmans2!L333, Active!F:F,0),1) -> Natural | O333: =INDEX(Active!K:K, MATCH(Spearmans2!L333, Active!F:F,0),1) -> Predicted bankfull depth: thalweg depth plus bankfull height, which is the height from the water surface to the bankfull stage | P333: Predicted Bankfull Depth | Q333: Natural | R333: Predicted bankfull depth: thalweg depth plus bankfull height, which is the height from the water surface to the bankfull stage | S333: 0.94009985
A334: WETTEDWIDTH | B334: =IF(RIGHT(A334,2)="WS", LEFT(A334,LEN(A334)-2),A334) -> WETTEDWIDTH | C334: =INDEX(Active!J:J, MATCH(Spearmans2!B334, Active!F:F,0),1) -> Predicted Wetted Width | D334: =INDEX(Active!B:B, MATCH(Spearmans2!B334, Active!F:F,0),1) -> Natural | E334: =INDEX(Active!D:D, MATCH(Spearmans2!B334, Active!F:F,0),1) -> Other | F334: =INDEX(Active!K:K, MATCH(Spearmans2!B334, Active!F:F,0),1) -> Predicted wetted width: distance of the waters edge from left to right bank | G334: Predicted Wetted Width | H334: Natural | I334: Other | J334: Predicted wetted width: distance of the waters edge from left to right bank | K334: THALWEGDEPTH | L334: =IF(RIGHT(K334,2)="WS", LEFT(K334,LEN(K334)-2),K334) -> THALWEGDEPTH | M334: =INDEX(Active!J:J, MATCH(Spearmans2!L334, Active!F:F,0),1) -> #N/A | N334: =INDEX(Active!B:B, MATCH(Spearmans2!L334, Active!F:F,0),1) -> #N/A | O334: =INDEX(Active!K:K, MATCH(Spearmans2!L334, Active!F:F,0),1) -> #N/A | P334: #N/A | Q334: #N/A | R334: #N/A | S334: 0.96508851
...

Sheet Sheet1
A1: rowname
A2: AGKFFACTWS | E2: =CHAR(34)&_xlfn.TEXTJOIN(""",""", TRUE, A:A)&CHAR(34) -> "rowname","AGKFFACTWS","AL2O3WS","BANKFULLDEPTH","BANKFULLWIDTH","BFIWS","CAOWS","CBNFWS","CLAYWS","CONNWS","DAMDENSWS","DAMNIDSTORWS","DAMNRMSTORWS","ELEVWS","FE2O3WS","FERTWS","HABTWS","HUDEN2010WS","ICI","INORGNWETDEP2008WS","IWI","K2OWS","MANUREWS","MAST2008","MGOWS","MWST2008","NA2OWS","NABD_DENSWS","NABD_NIDSTORWS","NABD_NRMSTORWS","NANIWS","NH42008WS","NO32008WS","NSURPWS","P2O5WS","PCT_EROD","PCTAGSLPHIGH2001WS","PCTAGSLPMID2001WS","PCTBURNAREA2002WS","PCTDECID2001WS","PCTFIRE2002WS","PCTHAY2001WS","PCTHIGHSEV2002WS","PCTIMP2001WS","PCTIMPSLPHIGH2001WS","PCTIMPSLPMID2001WS","PCTLOWSEV2002WS","PCTMODSEV2002WS","PCTMXFST2001WS","PCTNONCARBRESIDWS","PCTSILICICWS","PCTUNDSEV2002WS","PCTURBLO2001WS","PCTURBMD2001WS","PERMWS","POPDEN2010WS","PRECIP_MINUS_EVTWS","PRECIP2008WS","PRECIP8110WS","PRECIP9120WS","RUNOFFWS","SANDWS","SEDWS","SIO2WS","SN2008WS","SW_FLUXWS","TEMPWS","THALWEGDEPTH","TMAX8110WS","TMAX9120WS","TMEAN2008WS","TMEAN8110WS","TMEAN9120WS","TMIN8110WS","TMIN9120WS","WATERINPUTWS","WDRW_LDWS","WETTEDWIDTH","WWTPALLDENSWS","WWTPMINORDENSWS"
A3: AL2O3WS | E3: "AGKFFACTWS","AL2O3WS","BANKFULLDEPTH","BANKFULLWIDTH","BFIWS","CAOWS","CBNFWS","CLAYWS","CONNWS","DAMDENSWS","DAMNIDSTORWS","DAMNRMSTORWS","ELEVWS","FE2O3WS","FERTWS","HABTWS","HUDEN2010WS","ICI","INORGNWETDEP2008WS","IWI","K2OWS","MANUREWS","MAST2008","MGOWS","MWST2008","NA2OWS","NABD_DENSWS","NABD_NIDSTORWS","NABD_NRMSTORWS","NANIWS","NH42008WS","NO32008WS","NSURPWS","P2O5WS","PCT_EROD","PCTAGSLPHIGH2001WS","PCTAGSLPMID2001WS","PCTBURNAREA2002WS","PCTDECID2001WS","PCTFIRE2002WS","PCTHAY2001WS","PCTHIGHSEV2002WS","PCTIMP2001WS","PCTIMPSLPHIGH2001WS","PCTIMPSLPMID2001WS","PCTLOWSEV2002WS","PCTMODSEV2002WS","PCTMXFST2001WS","PCTNONCARBRESIDWS","PCTSILICICWS","PCTUNDSEV2002WS","PCTURBLO2001WS","PCTURBMD2001WS","PERMWS","POPDEN2010WS","PRECIP_MINUS_EVTWS","PRECIP2008WS","PRECIP8110WS","PRECIP9120WS","RUNOFFWS","SANDWS","SEDWS","SIO2WS","SN2008WS","SW_FLUXWS","TEMPWS","THALWEGDEPTH","TMAX8110WS","TMAX9120WS","TMEAN2008WS","TMEAN8110WS","TMEAN9120WS","TMIN8110WS","TMIN9120WS","WATERINPUTWS","WDRW_LDWS","WETTEDWIDTH","WWTPALLDENSWS","WWTPMINORDENSWS"
A4: BANKFULLDEPTH
A5: BANKFULLWIDTH | E5: =_xlfn.TEXTJOIN(", ", TRUE, A:A) -> rowname, AGKFFACTWS, AL2O3WS, BANKFULLDEPTH, BANKFULLWIDTH, BFIWS, CAOWS, CBNFWS, CLAYWS, CONNWS, DAMDENSWS, DAMNIDSTORWS, DAMNRMSTORWS, ELEVWS, FE2O3WS, FERTWS, HABTWS, HUDEN2010WS, ICI, INORGNWETDEP2008WS, IWI, K2OWS, MANUREWS, MAST2008, MGOWS, MWST2008, NA2OWS, NABD_DENSWS, NABD_NIDSTORWS, NABD_NRMSTORWS, NANIWS, NH42008WS, NO32008WS, NSURPWS, P2O5WS, PCT_EROD, PCTAGSLPHIGH2001WS, PCTAGSLPMID2001WS, PCTBURNAREA2002WS, PCTDECID2001WS, PCTFIRE2002WS, PCTHAY2001WS, PCTHIGHSEV2002WS, PCTIMP2001WS, PCTIMPSLPHIGH2001WS, PCTIMPSLPMID2001WS, PCTLOWSEV2002WS, PCTMODSEV2002WS, PCTMXFST2001WS, PCTNONCARBRESIDWS, PCTSILICICWS, PCTUNDSEV2002WS, PCTURBLO2001WS, PCTURBMD2001WS, PERMWS, POPDEN2010WS, PRECIP_MINUS_EVTWS, PRECIP2008WS, PRECIP8110WS, PRECIP9120WS, RUNOFFWS, SANDWS, SEDWS, SIO2WS, SN2008WS, SW_FLUXWS, TEMPWS, THALWEGDEPTH, TMAX8110WS, TMAX9120WS, TMEAN2008WS, TMEAN8110WS, TMEAN9120WS, TMIN8110WS, TMIN9120WS, WATERINPUTWS, WDRW_LDWS, WETTEDWIDTH, WWTPALLDENSWS, WWTPMINORDENSWS
A6: BFIWS | E6: AGKFFACTWS, AL2O3WS, BANKFULLDEPTH, BANKFULLWIDTH, BFIWS, CAOWS, CBNFWS, CLAYWS, CONNWS, DAMDENSWS, DAMNIDSTORWS, DAMNRMSTORWS, ELEVWS, FE2O3WS, FERTWS, HABTWS, HUDEN2010WS, ICI, INORGNWETDEP2008WS, IWI, K2OWS, MANUREWS, MAST2008, MGOWS, MWST2008, NA2OWS, NABD_DENSWS, NABD_NIDSTORWS, NABD_NRMSTORWS, NANIWS, NH42008WS, NO32008WS, NSURPWS, P2O5WS, PCT_EROD, PCTAGSLPHIGH2001WS, PCTAGSLPMID2001WS, PCTBURNAREA2002WS, PCTDECID2001WS, PCTFIRE2002WS, PCTHAY2001WS, PCTHIGHSEV2002WS, PCTIMP2001WS, PCTIMPSLPHIGH2001WS, PCTIMPSLPMID2001WS, PCTLOWSEV2002WS, PCTMODSEV2002WS, PCTMXFST2001WS, PCTNONCARBRESIDWS, PCTSILICICWS, PCTUNDSEV2002WS, PCTURBLO2001WS, PCTURBMD2001WS, PERMWS, POPDEN2010WS, PRECIP_MINUS_EVTWS, PRECIP2008WS, PRECIP8110WS, PRECIP9120WS, RUNOFFWS, SANDWS, SEDWS, SIO2WS, SN2008WS, SW_FLUXWS, TEMPWS, THALWEGDEPTH, TMAX8110WS, TMAX9120WS, TMEAN2008WS, TMEAN8110WS, TMEAN9120WS, TMIN8110WS, TMIN9120WS, WATERINPUTWS, WDRW_LDWS, WETTEDWIDTH, WWTPALLDENSWS, WWTPMINORDENSWS
A7: CAOWS
A8: CBNFWS
A9: CLAYWS
A10: CONNWS
A11: DAMDENSWS
A12: DAMNIDSTORWS
A13: DAMNRMSTORWS
A14: ELEVWS
A15: FE2O3WS
A16: FERTWS
A17: HABTWS
A18: HUDEN2010WS
... A80: WWTPMINORDENSWS

Sheet Active
A1: Use? | B1: Category | C1: Subcategory_SC | D1: Subcategory | E1: Metric | F1: Metric_Query | G1: missing_from_pull | H1: AOI | I1: Year | J1: Short_Name | K1: Metric_Description | L1: Units | M1: Source | N1: Dataset
A2: y | B2: Anthropogenic | C2: Soils | D2: Agriculture | E2: agkffact[AOI] | F2: agkffact | H2: Cat, Ws | J2: Ag Soil Erodibility Kf Factor | K2: Mean of STATSGO Kffactor raster on agricultural land (NLCD 2006) within AOI. The Universal Soil Loss Equation (USLE) and represents a relative index of susceptibility of bare, cultivated soil to particle detachment and transport by rainfall | L2: Unitless | M2: Penn State Soil Info | N2: STATSGO Soils
A3: y | B3: Natural | C3: Natural | D3: Lithology | E3: al2o3[AOI] | F3: al2o3 | H3: Cat, Ws | J3: Mean Lithological Aluminum Oxide | K3: Mean % of lithological aluminum oxide (Al2O3) content in surface or near surface geology within AOI | L3: Percent | M3: USGS Sciencebase | N3: USGS Geochemistry
A4: n | B4: Base | C4: Base | D4: Area | E4: areasqkm[AOI] | F4: areasqkm | H4: Ws | J4: Watershed Area Square Kilometers | K4: Watershed area (square km) | L4: Square Kilometers | M4: NHDPlusV2 | N4: All
A5: y | B5: Natural | C5: Natural | D5: Other | E5: bankfulldepth | F5: bankfulldepth | H5: Other | J5: Predicted Bankfull Depth | K5: Predicted bankfull depth: thalweg depth plus bankfull height, which is the height from the water surface to the bankfull stage | L5: Meters | M5: Doyle et al. 2023 | N5: Predicted Channel Widths Depths
A6: y | B6: Natural | C6: Natural | D6: Other | E6: bankfullwidth | F6: bankfullwidth | H6: Other | J6: Predicted Bankfull Width | K6: Predicted bankfull width: distance from left to right bank at bankfull stage where the potential water height would spill outside of the channel and into the floodplain | L6: Meters | M6: Doyle et al. 2023 | N6: Predicted Channel Widths Depths
A7: y | B7: Natural | C7: Climate | D7: Flow | E7: bfi[AOI] | F7: bfi | H7: Cat, Ws | J7: Base Flow Index | K7: Base flow is the component of streamflow that can be attributed to ground-water discharge into streams. The BFI is the ratio of base flow to total flow, expressed as a percentage, within AOI | L7: Percent | M7: USGS Water Mission Area | N7: Base Flow Index
A8: y | B8: Anthropogenic | C8: Anthropogenic | D8: Agriculture | E8: canaldens[AOI] | F8: canaldens | H8: Cat, Ws | J8: Canal Density | K8: Density of NHDPlus line features classified as canal, ditch, or pipeline within the AOI (km/ square km) | L8: Kilometer/Square Kilometer | M8: Falcone et al. 2010 | N8: Canal Density
A9: y | B9: Natural | C9: Natural | D9: Lithology | E9: cao[AOI] | F9: cao | H9: Cat, Ws | J9: Mean Lithological Calcium Oxide | K9: Mean % of lithological calcium oxide (CaO) content in surface or near surface geology within AOI | L9: Percent | M9: USGS Sciencebase | N9: USGS Geochemistry
A10: n | B10: Base | C10: Base | D10: Area | E10: catareasqkm[AOI] | F10: catareasqkm | H10: Cat | J10: Catchment Area Square Kilometers | K10: Area of local NHDPlus AOI (square km) | L10: Square Kilometers | M10: NHDPlusV2 | N10: All
A11: n | B11: Base | C11: Base | D11: Area | E11: catareasqkmrp100[AOI] | F11: catareasqkmrp100 | H11: Cat, CatRp100 | J11: AOI Area Square Kilometers Riparian 100 Meters | K11: Area of local NHDPlus AOIs (square km) within a 100-m buffer of NHD streams. Original NLCD 2006 water cells adjacent to NHD stream lines used to expand NHD stream lines to full water area | L11: Square Kilometers | M11: NHDPlusV2 | N11: Tables with Rp100 metrics
A12: n | B12: Base | C12: Base | D12: Area | E12: catpctfull[AOI] | F12: catpctfull | H12: Cat, CatRp100 | J12: Percent Full | K12: Percent of the AOI that is covered by the landscape layer. | L12: Percent | M12: NHDPlusV2 | N12: All
A13: y | B13: Anthropogenic | C13: Nutrients | D13: Agriculture | E13: cbnf[AOI] | F13: cbnf | H13: Cat, Ws | J13: Cultivated Biological Nitrogen Fixation Mean Rate | K13: Mean rate of biological nitrogen fixation from the cultivation of crops in kg N/ha/yr, within AOI | L13: Kilogram/Hectar/Year | M13: EnviroAtlas | N13: Agricultural Nitrogen
... A25: y | B25: Anthropogenic | C25: Anthropogenic | D25: IWI | E25: habt[AOI] | F25: habt | H25: Cat, Ws | J25: HABT | K25: Habitat provision component score calculated using AOI metrics | L25: Unitless | M25: Johnson et al. 2019 | N25: Index of Watershed Integrity
A26: y | B26: Anthropogenic | C26: Anthropogenic | D26: Urban | E26: huden[Year][AOI] | F26: huden2010 | H26: Cat, Ws, CatRp100, WsRp100 | I26: 2010 | J26: Mean Housing Density | K26: Mean housing unit density (housing units/square km) within AOI. | L26: Count/Square Kilometer | M26: US Census | N26: Census
A27: y | B27: Anthropogenic | C27: Anthropogenic | D27: IWI | E27: hyd[AOI] | F27: hyd | H27: Cat, Ws | J27: nan | K27: Hydrologic regulation component score calculated using AOI metrics | L27: Unitless | M27: Johson et al. 2019 | N27: Index of Watershed Integrity
A28: y | B28: Natural | C28: Natural | D28: Lithology | E28: hydrlcond[AOI] | F28: hydrlcond | H28: Cat, Ws | J28: Mean Hydraulic Conductivity | K28: Mean lithological hydraulic conductivity (micrometers per second) content in surface or near surface geology within AOI | L28: Percent | M28: USGS Sciencebase | N28: USGS Geochemistry
A29: y | B29: Anthropogenic | C29: Anthropogenic | D29: Other | E29: ici[AOI] | F29: ici | H29: Other | J29: ICI | K29: Revised Index of catchment integrity (version 2.1) based on Johnson et al. 2018 STOTEN | L29: Unitless | M29: Johnson et al. 2019 | N29: Index of Watershed Integrity
A30: y | B30: Natural | C30: Deposition | D30: Climate | E30: inorgnwetdep[Year][AOI] | F30: inorgnwetdep2008 | H30: Cat, Ws | I30: 2008 | J30: Mean Annual Precipitation-Weighted Nitrogen | K30: Annual gradient map of precipitation-weighted mean deposition for inorganic nitrogen wet deposition from nitrate and ammonium for 2008 in kg of N/ha/yr, within AOI | L30: Kilogram/Hectare/Year | M30: NADP | N30: NADP
A31: n | B31: Base | C31: Base | D31: Area | E31: instream | F31: instream | H31: Cat | K31: 1 = on-network lake and data were taken from StreamCat; 0 = off-network lake and custom AOIs was needed to generate LakeCat data | L31: Binary | N31: All
A32: y | B32: Anthropogenic | C32: Anthropogenic | D32: Other | E32: iwi[AOI] | F32: iwi | H32: Other | J32: IWI | K32: Revised Index of catchment integrity (version 2.1) based on Johnson et al. 2018 STOTEN | L32: Unitless | M32: Johnson et al. 2019 | N32: Index of Watershed Integrity
A33: y | B33: Natural | C33: Natural | D33: Lithology | E33: k2o[AOI] | F33: k2o | H33: Cat, Ws | J33: InorgNWetDep | K33: Mean % of lithological potassium oxide (K2O) content in surface or near surface geology within AOI | L33: Percent | M33: USGS Sciencebase | N33: USGS Geochemistry
A34: y | B34: Natural | C34: Soils | D34: Lithology | E34: kffact[AOI] | F34: kffact | H34: Cat, Ws | J34: Mean Soil Erodibility KF Factor | K34: Mean of STATSGO Kffactor raster within AOI. The Universal Soil Loss Equation (USLE) and represents a relative index of susceptibility of bare, cultivated soil to particle detachment and transport by rainfall | L34: Unitless | M34: Penn State Soil Info | N34: STATSGO Soils
A35: y | B35: Anthropogenic | C35: Nutrients | D35: Agriculture | E35: manure[AOI] | F35: manure | H35: Cat, Ws | J35: Mean Manure Application Rate | K35: Mean rate of manure application to agricultural land from confined animal feeding operations in kg N/ha/yr, within AOI | L35: Kilogram/Hectare/Year | M35: EnviroAtlas | N35: Agricultural Nitrogen
A36: y | B36: Natural | C36: Natural | D36: Other | E36: mast[Year] | F36: mast2008 | H36: Other | I36: 2008, 2009, 2013, 2014 | J36: Mean Annual Stream Temp | K36: Predicted mean annual stream temperature (Jan-Dec) for year 2008, 2009, 2013, 2014 | L36: Celsius | M36: Hill et al. 2013 | N36: Predicted Reference Stream Temperature
A37: y | B37: Natural | C37: Natural | D37: Lithology | E37: mgo[AOI] | F37: mgo | H37: Cat, Ws | J37: Mean Lithological Magnesium Oxide | K37: Mean % of lithological magnesium oxide (MgO) content in surface or near surface geology within AOI | L37: Percent | M37: USGS Sciencebase | N37: USGS Geochemistry
A38: y | B38: Anthropogenic | C38: Anthropogenic | D38: Mining_Toxics | E38: minedens[AOI] | F38: minedens | H38: Cat, Ws, CatRp100, WsRp100 | J38: Mine Density | K38: Density of mines sites within AOI (mines/square km) | L38: Count/Square Kilometer | M38: USGS | N38: Mines
A39: y | B39: Natural | C39: Natural | D39: Other | E39: msst[Year] | F39: msst2008 | H39: Other | I39: 2008, 2009, 2013, 2014 | J39: Mean Summer Stream Temp | K39: Predicted mean summer stream temperature (July-Aug) for years 2008, 2009, 2013, 2014 | L39: Celsius | M39: Hill et al. 2013 | N39: Predicted Reference Stream Temperature
A40: y | B40: Natural | C40: Natural | D40: Other | E40: mwst[Year] | F40: mwst2008 | H40: Other | I40: 2008, 2009, 2013, 2014 | J40: Mean Winter Stream Temp | K40: Predicted mean winter stream temperature (Jan-Feb) for year 2008, 2009, 2013, 2014 | L40: Percent | M40: Hill et al. 2013 | N40: Predicted Reference Stream Temperature
A41: y | B41: Natural | C41: Natural | D41: Lithology | E41: n[AOI] | F41: n | H41: Cat, Ws | J41: Mean Lithological Nitrogen | K41: Mean % of lithological nitrogen (N) content in surface or near surface geology within AOI | L41: Percent | M41: USGS Sciencebase | N41: USGS Geochemistry
A42: y | B42: Natural | C42: Natural | D42: Lithology | E42: na2o[AOI] | F42: na2o | H42: Cat, Ws | J42: Mean Lithological Sodium Oxide | K42: Mean % of lithological sodium oxide (Na2O) content in surface or near surface geology within AOI | L42: Percent | M42: USGS Sciencebase | N42: USGS Geochemistry
A43: y | B43: Anthropogenic | C43: Anthropogenic | D43: Dams | E43: NABD_Dens[AOI] | F43: NABD_Dens | H43: Cat, Ws | J43: NABD Dam Density | K43: Density of georeferenced dams within AOI (dams/ square km) | L43: Count/Square Kilometer | M43: USGS Sciencebase | N43: Dams
A44: y | B44: Anthropogenic | C44: Anthropogenic | D44: Dams | E44: NABD_NIDStor[AOI] | F44: NABD_NIDStor | H44: Cat, Ws | J44: NABD NID Reservoir Volume | K44: Volume all reservoirs (NID_STORA in NID) per unit area of AOI (cubic meters/square km) | L44: Cubic Meters/Square Kilometer | M44: USGS Sciencebase | N44: Dams
A45: y | B45: Anthropogenic | C45: Anthropogenic | D45: Dams | E45: NABD_NrmStor[AOI] | F45: NABD_NrmStor | H45: Cat, Ws | J45: NABD Normal Reservoir Volume | K45: Volume all reservoirs (NORM_STORA in NID) per unit area of AOI (cubic meters/square km) | L45: Cubic Meters/Square Kilometer | M45: USGS Sciencebase | N45: Dams
A46: y | B46: Anthropogenic | C46: Nutrients | D46: Agriculture | E46: nani[AOI] | F46: nani | H46: Cat, Ws | J46: Anthropogenic Nitrogen | K46: Net Anthropogenic Nitrogen within AOI: farm fertilizer + urban fertilizer + NOx deposition + CBNF + Human and Livestock food - crop N content - livestock N content | L46: Kilogram/Hectare/Year | M46: Pennino et al. 2020 | N46: NSURP NANI
A47: y | B47: Natural | C47: Deposition | D47: Climate | E47: nh4[Year][AOI] | F47: nh42008 | H47: Cat, Ws | I47: 2008 | J47: Mean annual Precipitation-Weighted NH4 Mean | K47: Annual gradient map of precipitation-weighted mean deposition for ammonium ion concentration wet deposition for 2008 in kg of NH4/ha/yr, within AOI | L47: Kilogram/Hectare/Year | M47: NADP | N47: NADP
A48: y | B48: Natural | C48: Deposition | D48: Climate | E48: no3[Year][AOI] | F48: no32008 | H48: Cat, Ws | I48: 2008 | J48: Mean Annual Precipitation-Weighted NO3 Mean | K48: Annual gradient map of precipitation-weighted mean deposition for nitrate ion concentration wet deposition for 2008 in kg of NO3/ha/yr, within AOI | L48: Kilogram/Hectare/Year | M48: NADP | N48: NADP
A49: y | B49: Anthropogenic | C49: Anthropogenic | D49: Urban | E49: npdesdens[AOI] | F49: npdesdens | H49: Cat, Ws, CatRp100, WsRp100 | J49: NPDES Site Density | K49: Density of permitted NPDES (National Pollutant Discharge Elimination System) sites within AOI (sites/square km) | L49: Count/Square Kilometer | M49: EPA FRS | N49: EPA FRS
A50: y | B50: Anthropogenic | C50: Nutrients | D50: Agriculture | E50: nsurp[AOI] | F50: nsurp | H50: Cat, Ws | J50: Nitrogen Surplus | K50: Nitrogen Surplus (kg N / yr) per AOI - excluding biological N Fixation | L50: Percent | M50: Pennino et al. 2020 | N50: NSURP NANI
A51: y | B51: Natural | C51: Soils | D51: Lithology | E51: om[AOI] | F51: om | H51: Cat, Ws | J51: Organic Matter Mean | K51: Mean organic matter content (% by weight) of soils (STATSGO) within AOI | L51: Percent | M51: Carlisle et al. 2009 | N51: STATSGO Soils
A52: y | B52: Natural | C52: Natural | D52: Lithology | E52: p2o5[AOI] | F52: p2o5 | H52: Cat, Ws | J52: Mean Lithological Phosphorous Oxide | K52: Mean % of lithological phosphorous oxide (P2O5) content in surface or near surface geology within AOI | L52: Percent | M52: USGS Sciencebase | N52: USGS Geochemistry
A53: y | B53: Anthropogenic | C53: Anthropogenic | D53: Agriculture | E53: pctagdrainage[AOI] | F53: pctagdrainage | H53: Cat, Ws | J53: Agricultural Drainage | K53: This dataset represents % of land with agricultural drainage, described in DOI: 10.1016/j.scitotenv.2020.137661, within individual, local NHDPlusV2 catchments and upstream, contributing watersheds. | L53: Unitless | M53: Pennino et al. 2020 | N53: Ag Tiling
A54: y | B54: Anthropogenic | C54: Anthropogenic | D54: Agriculture | E54: pctagslphigh[Year][AOI] | F54: pctagslphigh2001 | H54: Cat, Ws | I54: 2001, 2004, 2006, 2008, 2011, 2013, 2016, 2019 | J54: Percent of Agriculture of 20% Slope | K54: % of AOI area classified as ag land cover (NLCD classes 81-82) occurring on slopes > 20% | L54: Percent | M54: NLCD | N54: Ag On Slopes
A55: y | B55: Anthropogenic | C55: Anthropogenic | D55: Agriculture | E55: pctagslpmid[Year][AOI] | F55: pctagslpmid2001 | H55: Cat, Ws | I55: 2001, 2004, 2006, 2008, 2011, 2013, 2016, 2019 | J55: Percent of Agriculture of 10% Slope | K55: % of AOI area classified as ag land cover (NLCD classes 81-82) occurring on slopes > 10% | L55: Percent | M55: NLCD | N55: Ag On Slopes
A56: y | B56: Natural | C56: Natural | D56: Lithology | E56: pctalkintruvol[AOI] | F56: pctalkintruvol | H56: Cat, Ws | J56: Alkaline Intrusive Volcanic Rock | K56: % of AOI area classified as lithology type: alkaline intrusive volcanic rock | L56: Percent | M56: USGS | N56: Lithology
A57: y | B57: Natural | C57: Natural | D57: Lithology | E57: pctalluvcoast[AOI] | F57: pctalluvcoast | H57: Cat, Ws | J57: Alluvium & Fine-Textured Coastal Zone Sediment | K57: % of AOI area classified as lithology type: alluvium and fine-textured coastal zone sediment | L57: Percent | M57: USGS | N57: Lithology
A58: y | B58: Natural | C58: Land Cover | D58: Land Cover | E58: pctbl[Year][AOI] | F58: pctbl2001 | H58: Cat, Ws, CatRp100, WsRp100 | I58: 2001, 2004, 2006, 2008, 2011, 2013, 2016, 2019 | J58: Bedrock and Similar Earthen Material Percentage | K58: % of AOI area classified as barren land cover (NLCD class 31) | L58: Percent | M58: NLCD | N58: NLCD
A59: y | B59: Natural | C59: Wildfire | D59: Wildfire | E59: pctburnarea[Year][AOI] | F59: pctburnarea2002 | H59: Cat, Ws | I59: 1984-2018 | J59: Wildfire Burn Percent 1984-2018 | K59: Mean % of AOI burned from wildfires for each year for 1984-2018 | L59: Percent | M59: MTBS | N59: MTBS
A60: y | B60: Natural | C60: Natural | D60: Lithology | E60: pctcarbresid[AOI] | F60: pctcarbresid | H60: Cat, Ws | J60: Carbonate Residual Material | K60: % of AOI area classified as lithology type: carbonate residual material | L60: Percent | M60: USGS | N60: Lithology
A61: y | B61: Natural | C61: Natural | D61: Lithology | E61: pctcoastcrs[AOI] | F61: pctcoastcrs | H61: Cat, Ws | J61: Coastal Zone Sediment, Coarse-Textured | K61: % of AOI area classified as lithology type: coastal zone sediment, coarse-textured | L61: Percent | M61: USGS | N61: Lithology
A62: y | B62: Natural | C62: Natural | D62: Lithology | E62: pctcolluvsed[AOI] | F62: pctcolluvsed | H62: Cat, Ws | J62: Colluvial Sediment | K62: % of AOI area classified as lithology type: colluvial sediment | L62: Percent | M62: USGS | N62: Lithology
A63: y | B63: Natural | C63: Land Cover | D63: Land Cover | E63: pctconif[Year][AOI] | F63: pctconif2001 | H63: Cat, Ws, CatRp100, WsRp100 | I63: 2001, 2004, 2006, 2008, 2011, 2013, 2016, 2019 | J63: Evergreen Forest Percentage | K63: % of AOI area classified as evergreen forest land cover (NLCD class 42) | L63: Percent | M63: NLCD | N63: NLCD
A64: y | B64: Anthropogenic | C64: Land Cover | D64: Agriculture | E64: pctcrop[Year][AOI] | F64: pctcrop2001 | H64: Cat, Ws, CatRp100, WsRp100 | I64: 2001, 2004, 2006, 2008, 2011, 2013, 2016, 2019 | J64: Row Crop Percentage | K64: % of AOI area classified as crop land use (NLCD class 82) | L64: Percent | M64: NLCD | N64: NLCD
A65: y | B65: Natural | C65: Land Cover | D65: Land Cover | E65: pctdecid[Year][AOI] | F65: pctdecid2001 | H65: Cat, Ws, CatRp100, WsRp100 | I65: 2001, 2004, 2006, 2008, 2011, 2013, 2016, 2019 | J65: Deciduous Forest Percentage | K65: % of AOI area classified as deciduous forest land cover (NLCD class 41) | L65: Percent | M65: NLCD | N65: NLCD
A66: y | B66: Natural | C66: Natural | D66: Lithology | E66: pcteolcrs[AOI] | F66: pcteolcrs | H66: Cat, Ws | J66: Eolian Sediment, Coarse-Textured | K66: % of AOI area classified as lithology type: eolian sediment, coarse-textured (sand dunes) | L66: Percent | M66: USGS | N66: Lithology
A67: y | B67: Natural | C67: Natural | D67: Lithology | E67: pcteolfine[AOI] | F67: pcteolfine | H67: Cat, Ws | J67: Eolian Sediment, Fine-Textured | K67: % of AOI area classified as lithology type: eolian sediment, fine-textured (glacial loess) | L67: Percent | M67: USGS | N67: Lithology
A68: y | B68: Natural | C68: Natural | D68: Lithology | E68: pctextruvol[AOI] | F68: pctextruvol | H68: Cat, Ws | J68: Extrusive Volcanic Rock | K68: % of AOI area classified as lithology type: extrusive volcanic rock | L68: Percent | M68: USGS | N68: Lithology
A69: y | B69: Natural | C69: Natural | D69: Wildfire | E69: pctfire[Year][AOI] | F69: pctfire2002 | H69: Cat, Ws, CatRp100, WsRp100 | I69: 2001, 2002, 2003, 2004, 2005, 2006, 2007, 2008, 2009, 2010 | J69: Forest Fire Loss | K69: % Forest loss to fire (fire perimeter) within AOI | L69: Percent | M69: USGS
A70: y | B70: Anthropogenic | C70: Natural | D70: Land Cover | E70: pctfrstloss[Year][AOI] | F70: pctfrstloss2002 | H70: Cat, Ws, CatRp100, WsRp100 | I70: 2001, 2002, 2003, 2004, 2005, 2006, 2007, 2008, 2009, 2010, 2011, 2012, 2013 | J70: Forest Loss | K70: % Forest cover loss (Tree canopy cover change) within AOI | L70: Percent | M70: University of Maryland | N70: Forest Loss By Year
A71: y | B71: Natural | C71: Natural | D71: Lithology | E71: pctglaclakecrs[AOI] | F71: pctglaclakecrs | H71: Cat, Ws | J71: Glacial Outwash and Glacial Lake Sediment | K71: % of AOI area classified as lithology type: glacial outwash and glacial lake sediment, coarse-textured | L71: Percent | M71: USGS | N71: Lithology
A72: y | B72: Natural | C72: Natural | D72: Lithology | E72: pctglaclakefine[AOI] | F72: pctglaclakefine | H72: Cat, Ws | J72: Glacial Outwash and Glacial Lake | K72: % of AOI area classified as lithology type: glacial lake sediment, fine-textured | L72: Percent | M72: USGS | N72: Lithology
A73: y | B73: Natural | C73: Natural | D73: Lithology | E73: pctglactilclay[AOI] | F73: pctglactilclay | H73: Cat, Ws | J73: Glacial Till, Clayey | K73: % of AOI area classified as lithology type: glacial till, clayey | L73: Percent | M73: USGS | N73: Lithology
A74: y | B74: Natural | C74: Natural | D74: Lithology | E74: pctglactilcrs[AOI] | F74: pctglactilcrs | H74: Cat, Ws | J74: Glacial Till, Coarse-Textured | K74: % of AOI area classified as lithology type: glacial till, coarse-textured | L74: Percent | M74: USGS | N74: Lithology
A75: y | B75: Natural | C75: Natural | D75: Lithology | E75: pctglactilloam[AOI] | F75: pctglactilloam | H75: Cat, Ws | J75: Glacial Till, Loamy | K75: % of AOI area classified as lithology type: glacial till, loamy | L75: Percent | M75: USGS | N75: Lithology
A76: y | B76: Natural | C76: Land Cover | D76: Land Cover | E76: pctgrs[Year][AOI] | F76: pctgrs2001 | H76: Cat, Ws, CatRp100, WsRp100 | I76: 2001, 2004, 2006, 2008, 2011, 2013, 2016, 2019 | J76: Grassland/Herbaceous Percentage | K76: % of AOI area classified as grassland/herbaceous land cover (NLCD class 71) | L76: Percent | M76: NLCD | N76: NLCD
A77: y | B77: Anthropogenic | C77: Land Cover | D77: Agriculture | E77: pcthay[Year][AOI] | F77: pcthay2001 | H77: Cat, Ws, CatRp100, WsRp100 | I77: 2001, 2004, 2006, 2008, 2011, 2013, 2016, 2019 | J77: Pasture/Hay Percentage | K77: % of AOI area classified as hay land use (NLCD class 81) | L77: Percent | M77: NLCD | N77: NLCD
A78: y | B78: Natural | C78: Land Cover | D78: Land Cover | E78: pcthbwet[Year][AOI] | F78: pcthbwet2001 | H78: Cat, Ws, CatRp100, WsRp100 | I78: 2001, 2004, 2006, 2008, 2011, 2013, 2016, 2019 | J78: Herbaceous Wetland Percentage | K78: % of AOI area classified as herbaceous wetland land cover (NLCD class 95) | L78: Percent | M78: NLCD | N78: NLCD
A79: y | B79: Natural | C79: Wildfire | D79: Wildfire | E79: pcthighsev[Year][AOI] | F79: pcthighsev2002 | H79: Cat, Ws | I79: 1984-2018 | J79: Percent High Burn Severity Class For Year | K79: % of AOI in each burn severity class for wildfires for each year for 1984-2018 | L79: Percent | M79: MTBS | N79: MTBS
A80: y | B80: Natural | C80: Natural | D80: Lithology | E80: pcthydric[AOI] | F80: pcthydric | H80: Cat, Ws | J80: Hydric, Peat & Muck | K80: % of AOI area classified as lithology type: hydric, peat and muck | L80: Percent | M80: USGS | N80: Lithology
A81: y | B81: Natural | C81: Land Cover | D81: Land Cover | E81: pctice[Year][AOI] | F81: pctice2001 | H81: Cat, Ws, CatRp100, WsRp100 | I81: 2001, 2004, 2006, 2008, 2011, 2013, 2016, 2019 | J81: Ice/Snow Cover Percentage | K81: % of AOI area classified as ice/snow land cover (NLCD class 12) | L81: Percent | M81: NLCD | N81: NLCD
A82: y | B82: Anthropogenic | C82: Land Cover | D82: Urban | E82: pctimp[Year][AOI] | F82: pctimp2001 | H82: Cat, Ws, CatRp100, WsRp100 | I82: 2001, 2004, 2006, 2008, 2011, 2013, 2016, 2019 | J82: Mean Imperviousness | K82: Mean imperviousness of anthropogenic surfaces within AOI (NLCD) | L82: Percent | M82: NLCD | N82: Impervious Surfaces
A83: y | B83: Anthropogenic | C83: Land Cover | D83: Urban | E83: pctimpslphigh[Year][AOI] | F83: pctimpslphigh2001 | H83: Cat, Ws, CatRp100, WsRp100 | I83: 2001, 2004, 2006, 2008, 2011, 2013, 2016, 2019 | J83: Percent Imperviousness on 20% Slope | K83: Percent of AOI area classified as impervious occuring on slpes > 20% | L83: Percent | M83: NLCD | N83: Impervious Surfaces
A84: y | B84: Anthropogenic | C84: Land Cover | D84: Urban | E84: pctimpslpmid[Year][AOI] | F84: pctimpslpmid2001 | H84: Cat, Ws, CatRp100, WsRp100 | I84: 2001, 2004, 2006, 2008, 2011, 2013, 2016, 2019 | J84: Percent Imperviousness on 10% Slope | K84: Percent of AOI area classified as impervious occuring on slpes > 10% | L84: Percent | M84: NLCD | N84: Impervious Surfaces
A85: y | B85: Natural | C85: Wildfire | D85: Wildfire | E85: pctincvegresp[Year][AOI] | F85: pctincvegresp2002 | H85: Cat, Ws | I85: 1984-2018 | J85: Percent Increased Greenness and Veg Response Class For Year | K85: % of AOI in each burn severity class for wildfires for each year for 1984-2018 | L85: Percent | M85: MTBS | N85: MTBS
A86: y | B86: Natural | C86: Wildfire | D86: Wildfire | E86: pctlowsev[Year][AOI] | F86: pctlowsev2002 | H86: Cat, Ws | I86: 1984-2018 | J86: Percent Low Burn Severity Class For Year | K86: % of AOI in each burn severity class for wildfires for each year for 1984-2018 | L86: Percent | M86: MTBS | N86: MTBS
A87: y | B87: Natural | C87: Wildfire | D87: Wildfire | E87: pctmodsev[Year][AOI] | F87: pctmodsev2002 | H87: Cat, Ws | I87: 1984-2018 | J87: Percent Moderate Burn Severity Class For Year | K87: % of AOI in each burn severity class for wildfires for each year for 1984-2018 | L87: Percent | M87: MTBS | N87: MTBS
A88: y | B88: Natural | C88: Land Cover | D88: Land Cover | E88: pctmxfst[Year][AOI] | F88: pctmxfst2001 | H88: Cat, Ws, CatRp100, WsRp100 | I88: 2001, 2004, 2006, 2008, 2011, 2013, 2016, 2019 | J88: Mixed Deciduous/Evergreen Forest Percentage | K88: % of AOI area classified as mixed deciduous/evergreen forest land cover (NLCD class 43) | L88: Percent | M88: NLCD | N88: NLCD
A89: y | B89: Anthropogenic | C89: Land Cover | D89: Urban | E89: pctnonagintrodmanagveg[AOI] | F89: pctnonagintrodmanagveg | H89: Cat, Ws, CatRp100, WsRp100 | J89: Nonnative Vegetation Landcover | K89: % Nonagriculture nonnative introduced or managed vegetation landcover type reclassed from LANDFIRE Existing Vegetation Type (EVT), within AOI | L89: Percent | M89: Landfire | N89: NonAgIntrodManagVeg
A90: y | B90: Natural | C90: Natural | D90: Lithology | E90: pctnoncarbresid[AOI] | F90: pctnoncarbresid | H90: Cat, Ws | J90: Non-Carbonate Residual Material | K90: % of AOI area classified as lithology type: non-carbonate residual material | L90: Percent | M90: USGS | N90: Lithology
A91: y | B91: Natural | C91: Wildfire | D91: Wildfire | E91: pctnonprocmask[Year][AOI] | F91: pctnonprocmask2002 | H91: Cat, Ws | I91: 1984-2018 | J91: Percent Non Processing Mask Class For Year | K91: % of AOI in each burn severity class for wildfires for each year for 1984-2018 | L91: Percent | M91: MTBS | N91: MTBS
A92: y | B92: Natural | C92: Land Cover | D92: Land Cover | E92: pctow[Year][AOI] | F92: pctow2001 | H92: Cat, Ws, CatRp100, WsRp100 | I92: 2001, 2004, 2006, 2008, 2011, 2013, 2016, 2019 | J92: Open Water Percentage | K92: % of AOI area classified as open water land cover (NLCD class 11) | L92: Percent | M92: NLCD | N92: NLCD
A93: y | B93: Natural | C93: Natural | D93: Lithology | E93: pctsallake[AOI] | F93: pctsallake | H93: Cat, Ws | J93: Saline Lake Sediment | K93: % of AOI area classified as lithology type: saline like sediment | L93: Percent | M93: USGS | N93: Lithology
A94: y | B94: Natural | C94: Land Cover | D94: Land Cover | E94: pctshrb[Year][AOI] | F94: pctshrb2001 | H94: Cat, Ws, CatRp100, WsRp100 | I94: 2001, 2004, 2006, 2008, 2011, 2013, 2016, 2019 | J94: Shrub/Scrub Percentage | K94: % of AOI area classified as shrub/scrub land cover (NLCD class 52) | L94: Percent | M94: NLCD | N94: NLCD
A95: y | B95: Natural | C95: Natural | D95: Lithology | E95: pctsilicic[AOI] | F95: pctsilicic | H95: Cat, Ws | J95: Silicic Residual Material | K95: % of AOI area classified as lithology type: silicic residual material | L95: Percent | M95: USGS | N95: Lithology
A96: y | B96: Natural | C96: Wildfire | D96: Wildfire | E96: pctundsev[Year][AOI] | F96: pctundsev2002 | H96: Cat, Ws | I96: 1984-2018 | J96: Percent Underburned to Low Burn Severity Class For Year | K96: % of AOI in each burn severity class for wildfires for each year for 1984-2018 | L96: Percent | M96: MTBS | N96: MTBS
A97: y | B97: Anthropogenic | C97: Land Cover | D97: Land Cover | E97: pcturbhi[Year][AOI] | F97: pcturbhi2001 | H97: Cat, Ws, CatRp100, WsRp100 | I97: 2001, 2004, 2006, 2008, 2011, 2013, 2016, 2019 | J97: Developed, High Intensity Land Use Percentage | K97: % of AOI area classified as developed, high-intensity land use (NLCD class 24) | L97: Percent | M97: NLCD | N97: NLCD
A98: y | B98: Anthropogenic | C98: Land Cover | D98: Land Cover | E98: pcturblo[Year][AOI] | F98: pcturblo2001 | H98: Cat, Ws, CatRp100, WsRp100 | I98: 2001, 2004, 2006, 2008, 2011, 2013, 2016, 2019 | J98: Developed, Low Intensity Land Use Percentage | K98: % of AOI area classified as developed, low-intensity land use (NLCD class 22) | L98: Percent | M98: NLCD | N98: NLCD
A99: y | B99: Anthropogenic | C99: Land Cover | D99: Land Cover | E99: pcturbmd[Year][AOI] | F99: pcturbmd2001 | H99: Cat, Ws, CatRp100, WsRp100 | I99: 2001, 2004, 2006, 2008, 2011, 2013, 2016, 2019 | J99: Developed, Medium Intensity Land Use Percentage | K99: % of AOI area classified as developed, medium-intensity land use (NLCD class 23) | L99: Percent | M99: NLCD | N99: NLCD
A100: y | B100: Anthropogenic | C100: Land Cover | D100: Land Cover | E100: pcturbop[Year][AOI] | F100: pcturbop2001 | H100: Cat, Ws, CatRp100, WsRp100 | I100: 2001, 2004, 2006, 2008, 2011, 2013, 2016, 2019 | J100: Developed, Open Space Land Use Percentage | K100: % of AOI area classified as developed, open space land use (NLCD class 21) | L100: Percent | M100: NLCD | N100: NLCD
A101: y | B101: Natural | C101: Natural | D101: Lithology | E101: pctwater[AOI] | F101: pctwater | H101: Cat, Ws | J101: Water | K101: % of AOI area classified as lithology type: water | L101: Percent | M101: USGS | N101: Lithology
A102: y | B102: Natural | C102: Land Cover | D102: Land Cover | E102: pctwdwet[Year][AOI] | F102: pctwdwet2001 | H102: Cat, Ws, CatRp100, WsRp100 | I102: 2001, 2004, 2006, 2008, 2011, 2013, 2016, 2019 | J102: Woody Wetland Percentage | K102: % of AOI area classified as woody wetland land cover (NLCD class 90) | L102: Percent | M102: NLCD | N102: NLCD
A103: y | B103: Natural | C103: Soils | D103: Lithology | E103: perm[AOI] | F103: perm | H103: Cat, Ws | J103: Mean Permeability | K103: Mean permeability (cm/hour) of soils (STATSGO) within AOI | L103: Percent | M103: Carlisle et al. 2009 | N103: STATSGO Soils
A104: y | B104: Anthropogenic | C104: Anthropogenic | D104: Agriculture | E104: pestic[Year][AOI] | F104: pestic1997 | H104: Cat, Ws | I104: 1997 | J104: Mean Pesticide Use | K104: Mean pesticide use (kg/km2) in yr. 1997 within AOI | L104: Kilogram/Square Kilometer | M104: USGS Water Mission Area | N104: Pesticides
A105: y | B105: Anthropogenic | C105: Anthropogenic | D105: Urban | E105: popden[Year][AOI] | F105: popden2010 | H105: Cat, Ws, CatRp100, WsRp100 | I105: 2010 | J105: Mean Population Density | K105: Mean populating density (people/square km) within AOI | L105: Number People / Square Kilometer | M105: US Census | N105: US Census
A106: y | B106: Natural | C106: Climate | D106: Climate | E106: precip[Year][AOI] | F106: precip2008 | H106: Cat, Ws | I106: 2008, 2009 | J106: Mean Precipitation | K106: PRISM climate data - 30-year normal mean precipitation (mm): Annual period: 2008 and 2009 within the AOI | L106: Millimeters | M106: PRISM | N106: PRISM
A107: y | B107: Natural | C107: Natural | D107: Climate | E107: Precip_Minus_EVT[AOI] | F107: Precip_Minus_EVT | G107: Y | H107: Cat, Ws | J107: Surplus Precipitation | K107: This dataset represents surplus precipitation (mm): precipitation minus potential evaporation described in DOI: 10.1016/j.scitotenv.2020.137661 within individual, local NHDPlusV2 catchments and upstream, contributing watersheds. | L107: Kilometer/Square Kilometer | M107: Pennino et al. 2020
A108: y | B108: Natural | C108: Climate | D108: Climate | E108: precip8110[AOI] | F108: precip8110 | H108: Cat, Ws | J108: 30-year Mean Annual Precipitation | K108: PRISM climate data - 30-year normal mean precipitation (mm): Annual period: 1981-2010 within AOI | L108: Millimeters | M108: PRISM | N108: PRISM
A109: y | B109: Natural | C109: Climate | D109: Climate | E109: precip9120[AOI] | F109: precip9120 | H109: Cat, Ws | I109: 1991-2020 | J109: 30-year Mean Annual Precipitation | K109: PRISM climate data - 30-year normal mean precipitation (mm): Annual period: 1991-2020 within the AOI | L109: Millimeters | M109: PRISM | N109: PRISM
A110: n | B110: Natural | C110: Natural | D110: Other | E110: prg_bmmi0809 | F110: prg_bmmi0809 | H110: Other | I110: 2008, 2009 | J110: NRSA BMMI Good Biological Condition | K110: Predicted probability that a stream segment is in good biological condition based on a random forest model of the NRSA benthic invertebrate multimetric index (BMMI) | L110: Percent | M110: Hill et al. 2017 | N110: NRSA Predicted Bio Condition
A111: y | B111: Natural | C111: Soils | D111: Lithology | E111: Rckdep[AOI] | F111: Rckdep | G111: only one pulling | H111: Cat, Ws | J111: Mean Bedrock Depth | K111: Mean depth (cm) to bedrock of soils (STATSGO) within AOI | L111: Centimeters | M111: Carlisle et al. 2009 | N111: STATSGO_Set2
...
